"county_id","fips_code","state","name"
AK02,"02013",AK,Aleutians East Borough
AK01,"02013",AK,Aleutians East Borough
AK02,"02016",AK,Aleutians West Census Area
AK01,"02016",AK,Aleutians West Census Area
AK01,"02020",AK,Anchorage Municipality
AK02,"02020",AK,Anchorage Municipality
AK02,"02050",AK,Bethel Census Area
AK01,"02050",AK,Bethel Census Area
AK02,"02060",AK,Bristol Bay Borough
AK02,"02063",AK,Chugach
AK01,"02063",AK,Chugach
AK01,"02066",AK,Copper River
AK02,"02068",AK,Denali Borough
AK01,"02070",AK,Dillingham Census Area
AK02,"02070",AK,Dillingham Census Area
AK02,"02090",AK,Fairbanks North Star Borough
AK03,"02100",AK,Haines Borough
AK03,"02105",AK,Hoonah-Angoon Census Area
AK03,"02110",AK,Juneau City and Borough
AK02,"02122",AK,Kenai Peninsula Borough
AK01,"02122",AK,Kenai Peninsula Borough
AK03,"02130",AK,Ketchikan Gateway Borough
AK02,"02150",AK,Kodiak Island Borough
AK01,"02150",AK,Kodiak Island Borough
AK01,"02158",AK,Kusilvak Census Area
AK02,"02158",AK,Kusilvak Census Area
AK01,"02164",AK,Lake and Peninsula Borough
AK02,"02164",AK,Lake and Peninsula Borough
AK02,"02170",AK,Matanuska-Susitna Borough
AK02,"02180",AK,Nome Census Area
AK02,"02185",AK,North Slope Borough
AK02,"02188",AK,Northwest Arctic Borough
AK03,"02195",AK,Petersburg Census Area
AK03,"02198",AK,Prince of Wales-Hyder Census Area
AK03,"02220",AK,Sitka City and Borough
AK03,"02230",AK,Skagway Municipality
AK02,"02240",AK,Southeast Fairbanks Census Area
AK03,"02275",AK,Wrangell City and Borough
AK02,"02282",AK,Yakutat City and Borough
AK02,"02290",AK,Yukon-Koyukuk Census Area
AK01,"02290",AK,Yukon-Koyukuk Census Area
AL11,"01001",AL,Autauga
AL13,"01003",AL,Baldwin
AL13,"01005",AL,Barbour
AL03,"01007",AL,Bibb
AL03,"01009",AL,Blount
AL13,"01011",AL,Bullock
AL13,"01013",AL,Butler
AL01,"01015",AL,Calhoun
AL13,"01017",AL,Chambers
AL13,"01019",AL,Cherokee
AL03,"01021",AL,Chilton
AL13,"01023",AL,Choctaw
AL13,"01025",AL,Clarke
AL13,"01027",AL,Clay
AL13,"01029",AL,Cleburne
AL13,"01031",AL,Coffee
AL07,"01033",AL,Colbert
AL13,"01035",AL,Conecuh
AL13,"01037",AL,Coosa
AL13,"01039",AL,Covington
AL13,"01041",AL,Crenshaw
AL13,"01043",AL,Cullman
AL13,"01045",AL,Dale
AL13,"01047",AL,Dallas
AL13,"01049",AL,DeKalb
AL11,"01051",AL,Elmore
AL13,"01053",AL,Escambia
AL08,"01055",AL,Etowah
AL13,"01057",AL,Fayette
AL13,"01059",AL,Franklin
AL06,"01061",AL,Geneva
AL12,"01063",AL,Greene
AL12,"01065",AL,Hale
AL06,"01067",AL,Henry
AL06,"01069",AL,Houston
AL13,"01071",AL,Jackson
AL03,"01073",AL,Jefferson
AL13,"01075",AL,Lamar
AL07,"01077",AL,Lauderdale
AL05,"01079",AL,Lawrence
AL02,"01081",AL,Lee
AL09,"01083",AL,Limestone
AL11,"01085",AL,Lowndes
AL13,"01087",AL,Macon
AL09,"01089",AL,Madison
AL13,"01091",AL,Marengo
AL13,"01093",AL,Marion
AL13,"01095",AL,Marshall
AL10,"01097",AL,Mobile
AL13,"01099",AL,Monroe
AL11,"01101",AL,Montgomery
AL05,"01103",AL,Morgan
AL13,"01105",AL,Perry
AL13,"01107",AL,Pickens
AL13,"01109",AL,Pike
AL13,"01111",AL,Randolph
AL04,"01113",AL,Russell
AL03,"01117",AL,Shelby
AL03,"01115",AL,St. Clair
AL13,"01119",AL,Sumter
AL13,"01121",AL,Talladega
AL13,"01123",AL,Tallapoosa
AL12,"01125",AL,Tuscaloosa
AL03,"01127",AL,Walker
AL13,"01129",AL,Washington
AL13,"01131",AL,Wilcox
AL13,"01133",AL,Winston
AR05,"05001",AR,Arkansas
AR05,"05003",AR,Ashley
AR03,"05005",AR,Baxter
AR03,"05007",AR,Benton
AR03,"05009",AR,Boone
AR05,"05011",AR,Bradley
AR06,"05013",AR,Calhoun
AR03,"05015",AR,Carroll
AR05,"05017",AR,Chicot
AR04,"05019",AR,Clark
AR02,"05021",AR,Clay
AR01,"05023",AR,Cleburne
AR05,"05025",AR,Cleveland
AR06,"05027",AR,Columbia
AR01,"05029",AR,Conway
AR02,"05031",AR,Craighead
AR07,"05033",AR,Crawford
AR02,"05035",AR,Crittenden
AR02,"05037",AR,Cross
AR05,"05039",AR,Dallas
AR05,"05041",AR,Desha
AR05,"05043",AR,Drew
AR01,"05045",AR,Faulkner
AR07,"05047",AR,Franklin
AR02,"05049",AR,Fulton
AR04,"05051",AR,Garland
AR01,"05053",AR,Grant
AR02,"05055",AR,Greene
AR06,"05057",AR,Hempstead
AR04,"05059",AR,Hot Spring
AR06,"05061",AR,Howard
AR02,"05063",AR,Independence
AR02,"05065",AR,Izard
AR02,"05067",AR,Jackson
AR05,"05069",AR,Jefferson
AR07,"05071",AR,Johnson
AR06,"05073",AR,Lafayette
AR02,"05075",AR,Lawrence
AR05,"05077",AR,Lee
AR05,"05079",AR,Lincoln
AR06,"05081",AR,Little River
AR07,"05083",AR,Logan
AR01,"05085",AR,Lonoke
AR03,"05087",AR,Madison
AR03,"05089",AR,Marion
AR06,"05091",AR,Miller
AR02,"05093",AR,Mississippi
AR05,"05095",AR,Monroe
AR04,"05097",AR,Montgomery
AR06,"05099",AR,Nevada
AR03,"05101",AR,Newton
AR06,"05103",AR,Ouachita
AR01,"05105",AR,Perry
AR05,"05107",AR,Phillips
AR04,"05109",AR,Pike
AR02,"05111",AR,Poinsett
AR07,"05113",AR,Polk
AR01,"05115",AR,Pope
AR01,"05117",AR,Prairie
AR01,"05119",AR,Pulaski
AR02,"05121",AR,Randolph
AR01,"05125",AR,Saline
AR07,"05127",AR,Scott
AR03,"05129",AR,Searcy
AR07,"05131",AR,Sebastian
AR06,"05133",AR,Sevier
AR02,"05135",AR,Sharp
AR02,"05123",AR,St. Francis
AR02,"05137",AR,Stone
AR06,"05139",AR,Union
AR01,"05141",AR,Van Buren
AR03,"05143",AR,Washington
AR01,"05145",AR,White
AR02,"05147",AR,Woodruff
AR01,"05149",AR,Yell
AZ01,"04001",AZ,Apache
AZ07,"04003",AZ,Cochise
AZ01,"04005",AZ,Coconino
AZ05,"04007",AZ,Gila
AZ07,"04009",AZ,Graham
AZ07,"04011",AZ,Greenlee
AZ03,"04012",AZ,La Paz
AZ04,"04013",AZ,Maricopa
AZ01,"04015",AZ,Mohave
AZ01,"04017",AZ,Navajo
AZ06,"04019",AZ,Pima
AZ05,"04021",AZ,Pinal
AZ06,"04023",AZ,Santa Cruz
AZ02,"04025",AZ,Yavapai
AZ03,"04027",AZ,Yuma
CA06,"06001",CA,Alameda
CA01,"06003",CA,Alpine
CA01,"06005",CA,Amador
CA01,"06007",CA,Butte
CA01,"06009",CA,Calaveras
CA01,"06011",CA,Colusa
CA05,"06013",CA,Contra Costa
CA01,"06015",CA,Del Norte
CA03,"06017",CA,El Dorado
CA11,"06019",CA,Fresno
CA01,"06021",CA,Glenn
CA01,"06023",CA,Humboldt
CA13,"06025",CA,Imperial
CA13,"06027",CA,Inyo
CA14,"06029",CA,Kern
CA11,"06031",CA,Kings
CA01,"06033",CA,Lake
CA01,"06035",CA,Lassen
CA15,"06037",CA,Los Angeles
CA16,"06037",CA,Los Angeles
CA11,"06039",CA,Madera
CA02,"06041",CA,Marin
CA10,"06043",CA,Mariposa
CA01,"06045",CA,Mendocino
CA10,"06047",CA,Merced
CA01,"06049",CA,Modoc
CA13,"06051",CA,Mono
CA09,"06053",CA,Monterey
CA02,"06055",CA,Napa
CA01,"06057",CA,Nevada
CA18,"06059",CA,Orange
CA03,"06061",CA,Placer
CA01,"06063",CA,Plumas
CA17,"06065",CA,Riverside
CA03,"06067",CA,Sacramento
CA09,"06069",CA,San Benito
CA17,"06071",CA,San Bernardino
CA19,"06073",CA,San Diego
CA04,"06075",CA,San Francisco
CA10,"06077",CA,San Joaquin
CA12,"06079",CA,San Luis Obispo
CA08,"06081",CA,San Mateo
CA12,"06083",CA,Santa Barbara
CA07,"06085",CA,Santa Clara
CA09,"06087",CA,Santa Cruz
CA01,"06089",CA,Shasta
CA01,"06091",CA,Sierra
CA01,"06093",CA,Siskiyou
CA02,"06095",CA,Solano
CA02,"06097",CA,Sonoma
CA10,"06099",CA,Stanislaus
CA01,"06101",CA,Sutter
CA01,"06103",CA,Tehama
CA01,"06105",CA,Trinity
CA10,"06107",CA,Tulare
CA01,"06109",CA,Tuolumne
CA12,"06111",CA,Ventura
CA03,"06113",CA,Yolo
CA01,"06115",CA,Yuba
CO03,"08001",CO,Adams
CO08,"08003",CO,Alamosa
CO03,"08005",CO,Arapahoe
CO09,"08007",CO,Archuleta
CO08,"08009",CO,Baca
CO08,"08011",CO,Bent
CO01,"08013",CO,Boulder
CO03,"08014",CO,Broomfield
CO08,"08015",CO,Chaffee
CO08,"08017",CO,Cheyenne
CO03,"08019",CO,Clear Creek
CO08,"08021",CO,Conejos
CO08,"08023",CO,Costilla
CO08,"08025",CO,Crowley
CO08,"08027",CO,Custer
CO09,"08029",CO,Delta
CO03,"08031",CO,Denver
CO09,"08033",CO,Dolores
CO03,"08035",CO,Douglas
CO09,"08037",CO,Eagle
CO02,"08041",CO,El Paso
CO03,"08039",CO,Elbert
CO08,"08043",CO,Fremont
CO09,"08045",CO,Garfield
CO03,"08047",CO,Gilpin
CO09,"08049",CO,Grand
CO09,"08051",CO,Gunnison
CO09,"08053",CO,Hinsdale
CO08,"08055",CO,Huerfano
CO09,"08057",CO,Jackson
CO03,"08059",CO,Jefferson
CO08,"08061",CO,Kiowa
CO08,"08063",CO,Kit Carson
CO09,"08067",CO,La Plata
CO09,"08065",CO,Lake
CO04,"08069",CO,Larimer
CO08,"08071",CO,Las Animas
CO08,"08073",CO,Lincoln
CO08,"08075",CO,Logan
CO05,"08077",CO,Mesa
CO08,"08079",CO,Mineral
CO09,"08081",CO,Moffat
CO09,"08083",CO,Montezuma
CO09,"08085",CO,Montrose
CO08,"08087",CO,Morgan
CO08,"08089",CO,Otero
CO09,"08091",CO,Ouray
CO03,"08093",CO,Park
CO08,"08095",CO,Phillips
CO09,"08097",CO,Pitkin
CO08,"08099",CO,Prowers
CO07,"08101",CO,Pueblo
CO09,"08103",CO,Rio Blanco
CO08,"08105",CO,Rio Grande
CO09,"08107",CO,Routt
CO08,"08109",CO,Saguache
CO09,"08111",CO,San Juan
CO09,"08113",CO,San Miguel
CO08,"08115",CO,Sedgwick
CO09,"08117",CO,Summit
CO02,"08119",CO,Teller
CO08,"08121",CO,Washington
CO06,"08123",CO,Weld
CO08,"08125",CO,Yuma
CT01,"09001",CT,Fairfield
CT02,"09003",CT,Hartford
CT03,"09005",CT,Litchfield
CT04,"09007",CT,Middlesex
CT05,"09009",CT,New Haven
CT06,"09011",CT,New London
CT07,"09013",CT,Tolland
CT08,"09015",CT,Windham
DC01,"11001",DC,District of Columbia
DE01,"10001",DE,Kent
DE01,"10003",DE,New Castle
DE01,"10005",DE,Sussex
FL01,"12001",FL,Alachua
FL02,"12003",FL,Baker
FL03,"12005",FL,Bay
FL04,"12007",FL,Bradford
FL05,"12009",FL,Brevard
FL06,"12011",FL,Broward
FL07,"12013",FL,Calhoun
FL08,"12015",FL,Charlotte
FL09,"12017",FL,Citrus
FL10,"12019",FL,Clay
FL11,"12021",FL,Collier
FL12,"12023",FL,Columbia
FL13,"12027",FL,DeSoto
FL14,"12029",FL,Dixie
FL15,"12031",FL,Duval
FL16,"12033",FL,Escambia
FL17,"12035",FL,Flagler
FL18,"12037",FL,Franklin
FL19,"12039",FL,Gadsden
FL20,"12041",FL,Gilchrist
FL21,"12043",FL,Glades
FL22,"12045",FL,Gulf
FL23,"12047",FL,Hamilton
FL24,"12049",FL,Hardee
FL25,"12051",FL,Hendry
FL26,"12053",FL,Hernando
FL27,"12055",FL,Highlands
FL28,"12057",FL,Hillsborough
FL29,"12059",FL,Holmes
FL30,"12061",FL,Indian River
FL31,"12063",FL,Jackson
FL32,"12065",FL,Jefferson
FL33,"12067",FL,Lafayette
FL34,"12069",FL,Lake
FL35,"12071",FL,Lee
FL36,"12073",FL,Leon
FL37,"12075",FL,Levy
FL38,"12077",FL,Liberty
FL39,"12079",FL,Madison
FL40,"12081",FL,Manatee
FL41,"12083",FL,Marion
FL42,"12085",FL,Martin
FL43,"12086",FL,Miami-Dade
FL44,"12087",FL,Monroe
FL45,"12089",FL,Nassau
FL46,"12091",FL,Okaloosa
FL47,"12093",FL,Okeechobee
FL48,"12095",FL,Orange
FL49,"12097",FL,Osceola
FL50,"12099",FL,Palm Beach
FL51,"12101",FL,Pasco
FL52,"12103",FL,Pinellas
FL53,"12105",FL,Polk
FL54,"12107",FL,Putnam
FL55,"12113",FL,Santa Rosa
FL56,"12115",FL,Sarasota
FL57,"12117",FL,Seminole
FL58,"12109",FL,St. Johns
FL59,"12111",FL,St. Lucie
FL60,"12119",FL,Sumter
FL61,"12121",FL,Suwannee
FL62,"12123",FL,Taylor
FL63,"12125",FL,Union
FL64,"12127",FL,Volusia
FL65,"12129",FL,Wakulla
FL66,"12131",FL,Walton
FL67,"12133",FL,Washington
GA14,"13001",GA,Appling
GA11,"13003",GA,Atkinson
GA06,"13005",GA,Bacon
GA01,"13007",GA,Baker
GA16,"13009",GA,Baldwin
GA10,"13011",GA,Banks
GA02,"13013",GA,Barrow
GA03,"13015",GA,Bartow
GA15,"13017",GA,Ben Hill
GA15,"13019",GA,Berrien
GA12,"13021",GA,Bibb
GA12,"13023",GA,Bleckley
GA06,"13025",GA,Brantley
GA15,"13027",GA,Brooks
GA14,"13029",GA,Bryan
GA14,"13031",GA,Bulloch
GA05,"13033",GA,Burke
GA03,"13035",GA,Butts
GA01,"13037",GA,Calhoun
GA06,"13039",GA,Camden
GA14,"13043",GA,Candler
GA04,"13045",GA,Carroll
GA07,"13047",GA,Catoosa
GA06,"13049",GA,Charlton
GA14,"13051",GA,Chatham
GA08,"13053",GA,Chattahoochee
GA13,"13055",GA,Chattooga
GA03,"13057",GA,Cherokee
GA02,"13059",GA,Clarke
GA01,"13061",GA,Clay
GA03,"13063",GA,Clayton
GA15,"13065",GA,Clinch
GA03,"13067",GA,Cobb
GA11,"13069",GA,Coffee
GA15,"13071",GA,Colquitt
GA05,"13073",GA,Columbia
GA15,"13075",GA,Cook
GA03,"13077",GA,Coweta
GA12,"13079",GA,Crawford
GA01,"13081",GA,Crisp
GA07,"13083",GA,Dade
GA10,"13085",GA,Dawson
GA03,"13089",GA,DeKalb
GA15,"13087",GA,Decatur
GA12,"13091",GA,Dodge
GA12,"13093",GA,Dooly
GA01,"13095",GA,Dougherty
GA03,"13097",GA,Douglas
GA15,"13099",GA,Early
GA15,"13101",GA,Echols
GA14,"13103",GA,Effingham
GA02,"13105",GA,Elbert
GA05,"13107",GA,Emanuel
GA14,"13109",GA,Evans
GA09,"13111",GA,Fannin
GA03,"13113",GA,Fayette
GA13,"13115",GA,Floyd
GA03,"13117",GA,Forsyth
GA10,"13119",GA,Franklin
GA03,"13121",GA,Fulton
GA13,"13123",GA,Gilmer
GA05,"13125",GA,Glascock
GA06,"13127",GA,Glynn
GA13,"13129",GA,Gordon
GA15,"13131",GA,Grady
GA02,"13133",GA,Greene
GA03,"13135",GA,Gwinnett
GA10,"13137",GA,Habersham
GA10,"13139",GA,Hall
GA16,"13141",GA,Hancock
GA04,"13143",GA,Haralson
GA08,"13145",GA,Harris
GA10,"13147",GA,Hart
GA04,"13149",GA,Heard
GA03,"13151",GA,Henry
GA12,"13153",GA,Houston
GA15,"13155",GA,Irwin
GA02,"13157",GA,Jackson
GA03,"13159",GA,Jasper
GA11,"13161",GA,Jeff Davis
GA05,"13163",GA,Jefferson
GA05,"13165",GA,Jenkins
GA11,"13167",GA,Johnson
GA12,"13169",GA,Jones
GA03,"13171",GA,Lamar
GA15,"13173",GA,Lanier
GA11,"13175",GA,Laurens
GA01,"13177",GA,Lee
GA14,"13179",GA,Liberty
GA05,"13181",GA,Lincoln
GA14,"13183",GA,Long
GA15,"13185",GA,Lowndes
GA10,"13187",GA,Lumpkin
GA08,"13193",GA,Macon
GA02,"13195",GA,Madison
GA08,"13197",GA,Marion
GA05,"13189",GA,McDuffie
GA06,"13191",GA,McIntosh
GA08,"13199",GA,Meriwether
GA15,"13201",GA,Miller
GA01,"13205",GA,Mitchell
GA12,"13207",GA,Monroe
GA11,"13209",GA,Montgomery
GA02,"13211",GA,Morgan
GA09,"13213",GA,Murray
GA08,"13215",GA,Muscogee
GA03,"13217",GA,Newton
GA02,"13219",GA,Oconee
GA02,"13221",GA,Oglethorpe
GA03,"13223",GA,Paulding
GA12,"13225",GA,Peach
GA13,"13227",GA,Pickens
GA06,"13229",GA,Pierce
GA03,"13231",GA,Pike
GA13,"13233",GA,Polk
GA12,"13235",GA,Pulaski
GA12,"13237",GA,Putnam
GA08,"13239",GA,Quitman
GA10,"13241",GA,Rabun
GA01,"13243",GA,Randolph
GA05,"13245",GA,Richmond
GA03,"13247",GA,Rockdale
GA01,"13249",GA,Schley
GA14,"13251",GA,Screven
GA15,"13253",GA,Seminole
GA03,"13255",GA,Spalding
GA10,"13257",GA,Stephens
GA08,"13259",GA,Stewart
GA01,"13261",GA,Sumter
GA08,"13263",GA,Talbot
GA05,"13265",GA,Taliaferro
GA14,"13267",GA,Tattnall
GA08,"13269",GA,Taylor
GA11,"13271",GA,Telfair
GA01,"13273",GA,Terrell
GA15,"13275",GA,Thomas
GA15,"13277",GA,Tift
GA11,"13279",GA,Toombs
GA10,"13281",GA,Towns
GA11,"13283",GA,Treutlen
GA08,"13285",GA,Troup
GA15,"13287",GA,Turner
GA12,"13289",GA,Twiggs
GA10,"13291",GA,Union
GA08,"13293",GA,Upson
GA07,"13295",GA,Walker
GA03,"13297",GA,Walton
GA06,"13299",GA,Ware
GA05,"13301",GA,Warren
GA16,"13303",GA,Washington
GA06,"13305",GA,Wayne
GA08,"13307",GA,Webster
GA11,"13309",GA,Wheeler
GA10,"13311",GA,White
GA09,"13313",GA,Whitfield
GA12,"13315",GA,Wilcox
GA05,"13317",GA,Wilkes
GA16,"13319",GA,Wilkinson
GA01,"13321",GA,Worth
HI01,"15001",HI,Hawaii
HI01,"15003",HI,Honolulu
HI01,"15005",HI,Kalawao
HI01,"15007",HI,Kauai
HI01,"15009",HI,Maui
IA04,"19001",IA,Adair
IA04,"19003",IA,Adams
IA07,"19005",IA,Allamakee
IA05,"19007",IA,Appanoose
IA04,"19009",IA,Audubon
IA06,"19011",IA,Benton
IA06,"19013",IA,Black Hawk
IA01,"19015",IA,Boone
IA07,"19017",IA,Bremer
IA06,"19019",IA,Buchanan
IA03,"19021",IA,Buena Vista
IA07,"19023",IA,Butler
IA01,"19025",IA,Calhoun
IA01,"19027",IA,Carroll
IA04,"19029",IA,Cass
IA06,"19031",IA,Cedar
IA07,"19033",IA,Cerro Gordo
IA03,"19035",IA,Cherokee
IA07,"19037",IA,Chickasaw
IA04,"19039",IA,Clarke
IA03,"19041",IA,Clay
IA06,"19043",IA,Clayton
IA06,"19045",IA,Clinton
IA03,"19047",IA,Crawford
IA02,"19049",IA,Dallas
IA05,"19051",IA,Davis
IA04,"19053",IA,Decatur
IA06,"19055",IA,Delaware
IA05,"19057",IA,Des Moines
IA03,"19059",IA,Dickinson
IA06,"19061",IA,Dubuque
IA07,"19063",IA,Emmet
IA07,"19065",IA,Fayette
IA07,"19067",IA,Floyd
IA07,"19069",IA,Franklin
IA04,"19071",IA,Fremont
IA01,"19073",IA,Greene
IA01,"19075",IA,Grundy
IA04,"19077",IA,Guthrie
IA01,"19079",IA,Hamilton
IA07,"19081",IA,Hancock
IA01,"19083",IA,Hardin
IA04,"19085",IA,Harrison
IA05,"19087",IA,Henry
IA07,"19089",IA,Howard
IA07,"19091",IA,Humboldt
IA03,"19093",IA,Ida
IA06,"19095",IA,Iowa
IA06,"19097",IA,Jackson
IA02,"19099",IA,Jasper
IA05,"19101",IA,Jefferson
IA06,"19103",IA,Johnson
IA06,"19105",IA,Jones
IA05,"19107",IA,Keokuk
IA07,"19109",IA,Kossuth
IA05,"19111",IA,Lee
IA06,"19113",IA,Linn
IA05,"19115",IA,Louisa
IA05,"19117",IA,Lucas
IA03,"19119",IA,Lyon
IA02,"19121",IA,Madison
IA05,"19123",IA,Mahaska
IA02,"19125",IA,Marion
IA01,"19127",IA,Marshall
IA04,"19129",IA,Mills
IA07,"19131",IA,Mitchell
IA03,"19133",IA,Monona
IA05,"19135",IA,Monroe
IA04,"19137",IA,Montgomery
IA05,"19139",IA,Muscatine
IA03,"19141",IA,O'Brien
IA03,"19143",IA,Osceola
IA04,"19145",IA,Page
IA03,"19147",IA,Palo Alto
IA03,"19149",IA,Plymouth
IA03,"19151",IA,Pocahontas
IA02,"19153",IA,Polk
IA04,"19155",IA,Pottawattamie
IA01,"19157",IA,Poweshiek
IA04,"19159",IA,Ringgold
IA03,"19161",IA,Sac
IA06,"19163",IA,Scott
IA04,"19165",IA,Shelby
IA03,"19167",IA,Sioux
IA01,"19169",IA,Story
IA01,"19171",IA,Tama
IA04,"19173",IA,Taylor
IA04,"19175",IA,Union
IA05,"19177",IA,Van Buren
IA05,"19179",IA,Wapello
IA02,"19181",IA,Warren
IA05,"19183",IA,Washington
IA05,"19185",IA,Wayne
IA01,"19187",IA,Webster
IA07,"19189",IA,Winnebago
IA07,"19191",IA,Winneshiek
IA03,"19193",IA,Woodbury
IA07,"19195",IA,Worth
IA07,"19197",IA,Wright
ID03,"16001",ID,Ada
ID03,"16003",ID,Adams
ID06,"16005",ID,Bannock
ID06,"16007",ID,Bear Lake
ID01,"16009",ID,Benewah
ID06,"16011",ID,Bingham
ID05,"16013",ID,Blaine
ID03,"16015",ID,Boise
ID01,"16017",ID,Bonner
ID04,"16019",ID,Bonneville
ID01,"16021",ID,Boundary
ID04,"16023",ID,Butte
ID05,"16025",ID,Camas
ID03,"16027",ID,Canyon
ID06,"16029",ID,Caribou
ID05,"16031",ID,Cassia
ID04,"16033",ID,Clark
ID02,"16035",ID,Clearwater
ID04,"16037",ID,Custer
ID03,"16039",ID,Elmore
ID06,"16041",ID,Franklin
ID04,"16043",ID,Fremont
ID03,"16045",ID,Gem
ID05,"16047",ID,Gooding
ID02,"16049",ID,Idaho
ID04,"16051",ID,Jefferson
ID05,"16053",ID,Jerome
ID01,"16055",ID,Kootenai
ID02,"16057",ID,Latah
ID04,"16059",ID,Lemhi
ID02,"16061",ID,Lewis
ID05,"16063",ID,Lincoln
ID04,"16065",ID,Madison
ID05,"16067",ID,Minidoka
ID02,"16069",ID,Nez Perce
ID06,"16071",ID,Oneida
ID03,"16073",ID,Owyhee
ID03,"16075",ID,Payette
ID06,"16077",ID,Power
ID01,"16079",ID,Shoshone
ID04,"16081",ID,Teton
ID05,"16083",ID,Twin Falls
ID03,"16085",ID,Valley
ID03,"16087",ID,Washington
IL10,"17001",IL,Adams
IL13,"17003",IL,Alexander
IL11,"17005",IL,Bond
IL05,"17007",IL,Boone
IL10,"17009",IL,Brown
IL06,"17011",IL,Bureau
IL11,"17013",IL,Calhoun
IL05,"17015",IL,Carroll
IL10,"17017",IL,Cass
IL09,"17019",IL,Champaign
IL10,"17021",IL,Christian
IL09,"17023",IL,Clark
IL13,"17025",IL,Clay
IL11,"17027",IL,Clinton
IL09,"17029",IL,Coles
IL01,"17031",IL,Cook
IL13,"17033",IL,Crawford
IL09,"17035",IL,Cumberland
IL08,"17039",IL,De Witt
IL05,"17037",IL,DeKalb
IL09,"17041",IL,Douglas
IL03,"17043",IL,DuPage
IL09,"17045",IL,Edgar
IL13,"17047",IL,Edwards
IL13,"17049",IL,Effingham
IL13,"17051",IL,Fayette
IL09,"17053",IL,Ford
IL13,"17055",IL,Franklin
IL07,"17057",IL,Fulton
IL13,"17059",IL,Gallatin
IL11,"17061",IL,Greene
IL04,"17063",IL,Grundy
IL13,"17065",IL,Hamilton
IL06,"17067",IL,Hancock
IL13,"17069",IL,Hardin
IL06,"17071",IL,Henderson
IL06,"17073",IL,Henry
IL09,"17075",IL,Iroquois
IL13,"17077",IL,Jackson
IL13,"17079",IL,Jasper
IL13,"17081",IL,Jefferson
IL11,"17083",IL,Jersey
IL05,"17085",IL,Jo Daviess
IL13,"17087",IL,Johnson
IL03,"17089",IL,Kane
IL04,"17091",IL,Kankakee
IL04,"17093",IL,Kendall
IL07,"17095",IL,Knox
IL07,"17099",IL,LaSalle
IL02,"17097",IL,Lake
IL13,"17101",IL,Lawrence
IL05,"17103",IL,Lee
IL08,"17105",IL,Livingston
IL10,"17107",IL,Logan
IL10,"17115",IL,Macon
IL11,"17117",IL,Macoupin
IL12,"17119",IL,Madison
IL13,"17121",IL,Marion
IL07,"17123",IL,Marshall
IL10,"17125",IL,Mason
IL13,"17127",IL,Massac
IL07,"17109",IL,McDonough
IL02,"17111",IL,McHenry
IL08,"17113",IL,McLean
IL10,"17129",IL,Menard
IL06,"17131",IL,Mercer
IL12,"17133",IL,Monroe
IL11,"17135",IL,Montgomery
IL10,"17137",IL,Morgan
IL10,"17139",IL,Moultrie
IL05,"17141",IL,Ogle
IL07,"17143",IL,Peoria
IL13,"17145",IL,Perry
IL09,"17147",IL,Piatt
IL10,"17149",IL,Pike
IL13,"17151",IL,Pope
IL13,"17153",IL,Pulaski
IL07,"17155",IL,Putnam
IL11,"17157",IL,Randolph
IL13,"17159",IL,Richland
IL06,"17161",IL,Rock Island
IL13,"17165",IL,Saline
IL10,"17167",IL,Sangamon
IL10,"17169",IL,Schuyler
IL10,"17171",IL,Scott
IL10,"17173",IL,Shelby
IL12,"17163",IL,St. Clair
IL07,"17175",IL,Stark
IL05,"17177",IL,Stephenson
IL07,"17179",IL,Tazewell
IL13,"17181",IL,Union
IL09,"17183",IL,Vermilion
IL13,"17185",IL,Wabash
IL06,"17187",IL,Warren
IL11,"17189",IL,Washington
IL13,"17191",IL,Wayne
IL13,"17193",IL,White
IL06,"17195",IL,Whiteside
IL04,"17197",IL,Will
IL13,"17199",IL,Williamson
IL05,"17201",IL,Winnebago
IL07,"17203",IL,Woodford
IN03,"18001",IN,Adams
IN04,"18003",IN,Allen
IN12,"18005",IN,Bartholomew
IN05,"18007",IN,Benton
IN08,"18009",IN,Blackford
IN10,"18011",IN,Boone
IN13,"18013",IN,Brown
IN07,"18015",IN,Carroll
IN06,"18017",IN,Cass
IN16,"18019",IN,Clark
IN09,"18021",IN,Clay
IN07,"18023",IN,Clinton
IN16,"18025",IN,Crawford
IN15,"18027",IN,Daviess
IN03,"18033",IN,DeKalb
IN14,"18029",IN,Dearborn
IN12,"18031",IN,Decatur
IN08,"18035",IN,Delaware
IN15,"18037",IN,Dubois
IN02,"18039",IN,Elkhart
IN11,"18041",IN,Fayette
IN16,"18043",IN,Floyd
IN07,"18045",IN,Fountain
IN14,"18047",IN,Franklin
IN06,"18049",IN,Fulton
IN17,"18051",IN,Gibson
IN08,"18053",IN,Grant
IN15,"18055",IN,Greene
IN10,"18057",IN,Hamilton
IN11,"18059",IN,Hancock
IN16,"18061",IN,Harrison
IN10,"18063",IN,Hendricks
IN11,"18065",IN,Henry
IN06,"18067",IN,Howard
IN03,"18069",IN,Huntington
IN12,"18071",IN,Jackson
IN05,"18073",IN,Jasper
IN08,"18075",IN,Jay
IN16,"18077",IN,Jefferson
IN12,"18079",IN,Jennings
IN13,"18081",IN,Johnson
IN15,"18083",IN,Knox
IN02,"18085",IN,Kosciusko
IN03,"18087",IN,LaGrange
IN01,"18091",IN,LaPorte
IN01,"18089",IN,Lake
IN13,"18093",IN,Lawrence
IN11,"18095",IN,Madison
IN10,"18097",IN,Marion
IN02,"18099",IN,Marshall
IN15,"18101",IN,Martin
IN06,"18103",IN,Miami
IN13,"18105",IN,Monroe
IN07,"18107",IN,Montgomery
IN10,"18109",IN,Morgan
IN05,"18111",IN,Newton
IN03,"18113",IN,Noble
IN14,"18115",IN,Ohio
IN15,"18117",IN,Orange
IN13,"18119",IN,Owen
IN09,"18121",IN,Parke
IN15,"18123",IN,Perry
IN15,"18125",IN,Pike
IN01,"18127",IN,Porter
IN17,"18129",IN,Posey
IN06,"18131",IN,Pulaski
IN07,"18133",IN,Putnam
IN08,"18135",IN,Randolph
IN14,"18137",IN,Ripley
IN12,"18139",IN,Rush
IN16,"18143",IN,Scott
IN10,"18145",IN,Shelby
IN15,"18147",IN,Spencer
IN02,"18141",IN,St. Joseph
IN02,"18149",IN,Starke
IN03,"18151",IN,Steuben
IN09,"18153",IN,Sullivan
IN14,"18155",IN,Switzerland
IN07,"18157",IN,Tippecanoe
IN07,"18159",IN,Tipton
IN11,"18161",IN,Union
IN17,"18163",IN,Vanderburgh
IN09,"18165",IN,Vermillion
IN09,"18167",IN,Vigo
IN03,"18169",IN,Wabash
IN05,"18171",IN,Warren
IN17,"18173",IN,Warrick
IN16,"18175",IN,Washington
IN11,"18177",IN,Wayne
IN03,"18179",IN,Wells
IN05,"18181",IN,White
IN03,"18183",IN,Whitley
KS07,"20001",KS,Allen
KS02,"20003",KS,Anderson
KS02,"20005",KS,Atchison
KS05,"20007",KS,Barber
KS04,"20009",KS,Barton
KS07,"20011",KS,Bourbon
KS02,"20013",KS,Brown
KS06,"20015",KS,Butler
KS06,"20017",KS,Chase
KS06,"20019",KS,Chautauqua
KS07,"20021",KS,Cherokee
KS04,"20023",KS,Cheyenne
KS05,"20025",KS,Clark
KS03,"20027",KS,Clay
KS03,"20029",KS,Cloud
KS02,"20031",KS,Coffey
KS05,"20033",KS,Comanche
KS06,"20035",KS,Cowley
KS07,"20037",KS,Crawford
KS04,"20039",KS,Decatur
KS03,"20041",KS,Dickinson
KS02,"20043",KS,Doniphan
KS02,"20045",KS,Douglas
KS05,"20047",KS,Edwards
KS06,"20049",KS,Elk
KS04,"20051",KS,Ellis
KS03,"20053",KS,Ellsworth
KS05,"20055",KS,Finney
KS05,"20057",KS,Ford
KS02,"20059",KS,Franklin
KS03,"20061",KS,Geary
KS04,"20063",KS,Gove
KS04,"20065",KS,Graham
KS05,"20067",KS,Grant
KS05,"20069",KS,Gray
KS04,"20071",KS,Greeley
KS06,"20073",KS,Greenwood
KS05,"20075",KS,Hamilton
KS06,"20077",KS,Harper
KS06,"20079",KS,Harvey
KS05,"20081",KS,Haskell
KS05,"20083",KS,Hodgeman
KS02,"20085",KS,Jackson
KS02,"20087",KS,Jefferson
KS03,"20089",KS,Jewell
KS01,"20091",KS,Johnson
KS05,"20093",KS,Kearny
KS06,"20095",KS,Kingman
KS05,"20097",KS,Kiowa
KS07,"20099",KS,Labette
KS04,"20101",KS,Lane
KS01,"20103",KS,Leavenworth
KS03,"20105",KS,Lincoln
KS02,"20107",KS,Linn
KS04,"20109",KS,Logan
KS02,"20111",KS,Lyon
KS06,"20115",KS,Marion
KS02,"20117",KS,Marshall
KS06,"20113",KS,McPherson
KS05,"20119",KS,Meade
KS01,"20121",KS,Miami
KS03,"20123",KS,Mitchell
KS06,"20125",KS,Montgomery
KS03,"20127",KS,Morris
KS05,"20129",KS,Morton
KS02,"20131",KS,Nemaha
KS07,"20133",KS,Neosho
KS04,"20135",KS,Ness
KS04,"20137",KS,Norton
KS02,"20139",KS,Osage
KS04,"20141",KS,Osborne
KS03,"20143",KS,Ottawa
KS05,"20145",KS,Pawnee
KS04,"20147",KS,Phillips
KS02,"20149",KS,Pottawatomie
KS05,"20151",KS,Pratt
KS04,"20153",KS,Rawlins
KS06,"20155",KS,Reno
KS03,"20157",KS,Republic
KS06,"20159",KS,Rice
KS03,"20161",KS,Riley
KS04,"20163",KS,Rooks
KS04,"20165",KS,Rush
KS04,"20167",KS,Russell
KS03,"20169",KS,Saline
KS04,"20171",KS,Scott
KS06,"20173",KS,Sedgwick
KS05,"20175",KS,Seward
KS02,"20177",KS,Shawnee
KS04,"20179",KS,Sheridan
KS04,"20181",KS,Sherman
KS04,"20183",KS,Smith
KS05,"20185",KS,Stafford
KS05,"20187",KS,Stanton
KS05,"20189",KS,Stevens
KS06,"20191",KS,Sumner
KS04,"20193",KS,Thomas
KS04,"20195",KS,Trego
KS02,"20197",KS,Wabaunsee
KS04,"20199",KS,Wallace
KS03,"20201",KS,Washington
KS04,"20203",KS,Wichita
KS06,"20205",KS,Wilson
KS07,"20207",KS,Woodson
KS01,"20209",KS,Wyandotte
KY04,"21001",KY,Adair
KY04,"21003",KY,Allen
KY05,"21005",KY,Anderson
KY01,"21007",KY,Ballard
KY04,"21009",KY,Barren
KY07,"21011",KY,Bath
KY08,"21013",KY,Bell
KY06,"21015",KY,Boone
KY05,"21017",KY,Bourbon
KY07,"21019",KY,Boyd
KY05,"21021",KY,Boyle
KY07,"21023",KY,Bracken
KY08,"21025",KY,Breathitt
KY03,"21027",KY,Breckinridge
KY03,"21029",KY,Bullitt
KY04,"21031",KY,Butler
KY01,"21033",KY,Caldwell
KY01,"21035",KY,Calloway
KY06,"21037",KY,Campbell
KY01,"21039",KY,Carlisle
KY03,"21041",KY,Carroll
KY07,"21043",KY,Carter
KY04,"21045",KY,Casey
KY02,"21047",KY,Christian
KY05,"21049",KY,Clark
KY08,"21051",KY,Clay
KY04,"21053",KY,Clinton
KY01,"21055",KY,Crittenden
KY04,"21057",KY,Cumberland
KY02,"21059",KY,Daviess
KY04,"21061",KY,Edmonson
KY07,"21063",KY,Elliott
KY05,"21065",KY,Estill
KY05,"21067",KY,Fayette
KY07,"21069",KY,Fleming
KY08,"21071",KY,Floyd
KY05,"21073",KY,Franklin
KY01,"21075",KY,Fulton
KY06,"21077",KY,Gallatin
KY05,"21079",KY,Garrard
KY06,"21081",KY,Grant
KY01,"21083",KY,Graves
KY03,"21085",KY,Grayson
KY04,"21087",KY,Green
KY07,"21089",KY,Greenup
KY02,"21091",KY,Hancock
KY03,"21093",KY,Hardin
KY08,"21095",KY,Harlan
KY05,"21097",KY,Harrison
KY04,"21099",KY,Hart
KY02,"21101",KY,Henderson
KY03,"21103",KY,Henry
KY01,"21105",KY,Hickman
KY02,"21107",KY,Hopkins
KY05,"21109",KY,Jackson
KY03,"21111",KY,Jefferson
KY05,"21113",KY,Jessamine
KY08,"21115",KY,Johnson
KY06,"21117",KY,Kenton
KY08,"21119",KY,Knott
KY08,"21121",KY,Knox
KY03,"21123",KY,Larue
KY08,"21125",KY,Laurel
KY07,"21127",KY,Lawrence
KY08,"21129",KY,Lee
KY08,"21131",KY,Leslie
KY08,"21133",KY,Letcher
KY07,"21135",KY,Lewis
KY05,"21137",KY,Lincoln
KY01,"21139",KY,Livingston
KY04,"21141",KY,Logan
KY01,"21143",KY,Lyon
KY05,"21151",KY,Madison
KY08,"21153",KY,Magoffin
KY03,"21155",KY,Marion
KY01,"21157",KY,Marshall
KY08,"21159",KY,Martin
KY07,"21161",KY,Mason
KY01,"21145",KY,McCracken
KY04,"21147",KY,McCreary
KY02,"21149",KY,McLean
KY03,"21163",KY,Meade
KY07,"21165",KY,Menifee
KY05,"21167",KY,Mercer
KY04,"21169",KY,Metcalfe
KY04,"21171",KY,Monroe
KY05,"21173",KY,Montgomery
KY07,"21175",KY,Morgan
KY02,"21177",KY,Muhlenberg
KY03,"21179",KY,Nelson
KY05,"21181",KY,Nicholas
KY02,"21183",KY,Ohio
KY03,"21185",KY,Oldham
KY05,"21187",KY,Owen
KY08,"21189",KY,Owsley
KY06,"21191",KY,Pendleton
KY08,"21193",KY,Perry
KY08,"21195",KY,Pike
KY05,"21197",KY,Powell
KY04,"21199",KY,Pulaski
KY07,"21201",KY,Robertson
KY05,"21203",KY,Rockcastle
KY07,"21205",KY,Rowan
KY04,"21207",KY,Russell
KY05,"21209",KY,Scott
KY03,"21211",KY,Shelby
KY04,"21213",KY,Simpson
KY03,"21215",KY,Spencer
KY04,"21217",KY,Taylor
KY02,"21219",KY,Todd
KY02,"21221",KY,Trigg
KY03,"21223",KY,Trimble
KY02,"21225",KY,Union
KY04,"21227",KY,Warren
KY03,"21229",KY,Washington
KY04,"21231",KY,Wayne
KY02,"21233",KY,Webster
KY08,"21235",KY,Whitley
KY08,"21237",KY,Wolfe
KY05,"21239",KY,Woodford
LA03,"22001",LA,Acadia Parish
LA04,"22003",LA,Allen Parish
LA05,"22005",LA,Ascension Parish
LA02,"22007",LA,Assumption Parish
LA06,"22009",LA,Avoyelles Parish
LA04,"22011",LA,Beauregard Parish
LA08,"22013",LA,Bienville Parish
LA08,"22015",LA,Bossier Parish
LA08,"22017",LA,Caddo Parish
LA04,"22019",LA,Calcasieu Parish
LA07,"22021",LA,Caldwell Parish
LA04,"22023",LA,Cameron Parish
LA06,"22025",LA,Catahoula Parish
LA08,"22027",LA,Claiborne Parish
LA06,"22029",LA,Concordia Parish
LA08,"22031",LA,De Soto Parish
LA05,"22033",LA,East Baton Rouge Parish
LA07,"22035",LA,East Carroll Parish
LA05,"22037",LA,East Feliciana Parish
LA03,"22039",LA,Evangeline Parish
LA07,"22041",LA,Franklin Parish
LA06,"22043",LA,Grant Parish
LA03,"22045",LA,Iberia Parish
LA05,"22047",LA,Iberville Parish
LA07,"22049",LA,Jackson Parish
LA04,"22053",LA,Jefferson Davis Parish
LA01,"22051",LA,Jefferson Parish
LA06,"22059",LA,La Salle Parish
LA03,"22055",LA,Lafayette Parish
LA02,"22057",LA,Lafourche Parish
LA07,"22061",LA,Lincoln Parish
LA05,"22063",LA,Livingston Parish
LA07,"22065",LA,Madison Parish
LA07,"22067",LA,Morehouse Parish
LA08,"22069",LA,Natchitoches Parish
LA01,"22071",LA,Orleans Parish
LA07,"22073",LA,Ouachita Parish
LA01,"22075",LA,Plaquemines Parish
LA05,"22077",LA,Pointe Coupee Parish
LA06,"22079",LA,Rapides Parish
LA08,"22081",LA,Red River Parish
LA07,"22083",LA,Richland Parish
LA08,"22085",LA,Sabine Parish
LA01,"22087",LA,St. Bernard Parish
LA01,"22089",LA,St. Charles Parish
LA05,"22091",LA,St. Helena Parish
LA01,"22093",LA,St. James Parish
LA01,"22095",LA,St. John the Baptist Parish
LA03,"22097",LA,St. Landry Parish
LA03,"22099",LA,St. Martin Parish
LA03,"22101",LA,St. Mary Parish
LA01,"22103",LA,St. Tammany Parish
LA05,"22105",LA,Tangipahoa Parish
LA07,"22107",LA,Tensas Parish
LA02,"22109",LA,Terrebonne Parish
LA07,"22111",LA,Union Parish
LA03,"22113",LA,Vermilion Parish
LA06,"22115",LA,Vernon Parish
LA05,"22117",LA,Washington Parish
LA08,"22119",LA,Webster Parish
LA05,"22121",LA,West Baton Rouge Parish
LA07,"22123",LA,West Carroll Parish
LA05,"22125",LA,West Feliciana Parish
LA06,"22127",LA,Winn Parish
MA07,"25001",MA,Barnstable
MA01,"25003",MA,Berkshire
MA03,"25005",MA,Bristol
MA06,"25005",MA,Bristol
MA07,"25007",MA,Dukes
MA06,"25007",MA,Dukes
MA04,"25009",MA,Essex
MA01,"25011",MA,Franklin
MA01,"25013",MA,Hampden
MA02,"25013",MA,Hampden
MA01,"25015",MA,Hampshire
MA05,"25017",MA,Middlesex
MA04,"25017",MA,Middlesex
MA03,"25017",MA,Middlesex
MA02,"25017",MA,Middlesex
MA07,"25019",MA,Nantucket
MA03,"25021",MA,Norfolk
MA06,"25021",MA,Norfolk
MA05,"25021",MA,Norfolk
MA06,"25023",MA,Plymouth
MA03,"25023",MA,Plymouth
MA07,"25023",MA,Plymouth
MA05,"25025",MA,Suffolk
MA03,"25027",MA,Worcester
MA01,"25027",MA,Worcester
MA02,"25027",MA,Worcester
MD04,"24001",MD,Allegany
MD01,"24003",MD,Anne Arundel
MD01,"24005",MD,Baltimore
MD01,"24510",MD,Baltimore city
MD02,"24009",MD,Calvert
MD02,"24011",MD,Caroline
MD04,"24013",MD,Carroll
MD02,"24015",MD,Cecil
MD02,"24017",MD,Charles
MD02,"24019",MD,Dorchester
MD04,"24021",MD,Frederick
MD04,"24023",MD,Garrett
MD01,"24025",MD,Harford
MD01,"24027",MD,Howard
MD02,"24029",MD,Kent
MD03,"24031",MD,Montgomery
MD03,"24033",MD,Prince George's
MD02,"24035",MD,Queen Anne's
MD02,"24039",MD,Somerset
MD02,"24037",MD,St. Mary's
MD02,"24041",MD,Talbot
MD04,"24043",MD,Washington
MD02,"24045",MD,Wicomico
MD02,"24047",MD,Worcester
ME03,"23001",ME,Androscoggin
ME05,"23003",ME,Aroostook
ME01,"23005",ME,Cumberland
ME03,"23007",ME,Franklin
ME05,"23009",ME,Hancock
ME02,"23011",ME,Kennebec
ME02,"23013",ME,Knox
ME02,"23015",ME,Lincoln
ME02,"23017",ME,Oxford
ME04,"23019",ME,Penobscot
ME04,"23021",ME,Piscataquis
ME01,"23023",ME,Sagadahoc
ME04,"23025",ME,Somerset
ME03,"23027",ME,Waldo
ME05,"23029",ME,Washington
ME01,"23031",ME,York
MI15,"26001",MI,Alcona
MI16,"26003",MI,Alger
MI11,"26005",MI,Allegan
MI15,"26007",MI,Alpena
MI14,"26009",MI,Antrim
MI08,"26011",MI,Arenac
MI16,"26013",MI,Baraga
MI11,"26015",MI,Barry
MI08,"26017",MI,Bay
MI14,"26019",MI,Benzie
MI09,"26021",MI,Berrien
MI10,"26023",MI,Branch
MI10,"26025",MI,Calhoun
MI09,"26027",MI,Cass
MI14,"26029",MI,Charlevoix
MI15,"26031",MI,Cheboygan
MI15,"26033",MI,Chippewa
MI13,"26035",MI,Clare
MI07,"26037",MI,Clinton
MI15,"26039",MI,Crawford
MI16,"26041",MI,Delta
MI16,"26043",MI,Dickinson
MI07,"26045",MI,Eaton
MI14,"26047",MI,Emmet
MI05,"26049",MI,Genesee
MI13,"26051",MI,Gladwin
MI16,"26053",MI,Gogebic
MI14,"26055",MI,Grand Traverse
MI08,"26057",MI,Gratiot
MI07,"26059",MI,Hillsdale
MI16,"26061",MI,Houghton
MI06,"26063",MI,Huron
MI07,"26065",MI,Ingham
MI12,"26067",MI,Ionia
MI15,"26069",MI,Iosco
MI16,"26071",MI,Iron
MI13,"26073",MI,Isabella
MI07,"26075",MI,Jackson
MI10,"26077",MI,Kalamazoo
MI14,"26079",MI,Kalkaska
MI12,"26081",MI,Kent
MI16,"26083",MI,Keweenaw
MI12,"26085",MI,Lake
MI05,"26087",MI,Lapeer
MI14,"26089",MI,Leelanau
MI04,"26091",MI,Lenawee
MI04,"26093",MI,Livingston
MI16,"26095",MI,Luce
MI15,"26097",MI,Mackinac
MI02,"26099",MI,Macomb
MI14,"26101",MI,Manistee
MI16,"26103",MI,Marquette
MI12,"26105",MI,Mason
MI12,"26107",MI,Mecosta
MI16,"26109",MI,Menominee
MI13,"26111",MI,Midland
MI14,"26113",MI,Missaukee
MI01,"26115",MI,Monroe
MI12,"26117",MI,Montcalm
MI15,"26119",MI,Montmorency
MI12,"26121",MI,Muskegon
MI12,"26123",MI,Newaygo
MI02,"26125",MI,Oakland
MI12,"26127",MI,Oceana
MI15,"26129",MI,Ogemaw
MI16,"26131",MI,Ontonagon
MI12,"26133",MI,Osceola
MI15,"26135",MI,Oscoda
MI15,"26137",MI,Otsego
MI12,"26139",MI,Ottawa
MI15,"26141",MI,Presque Isle
MI15,"26143",MI,Roscommon
MI08,"26145",MI,Saginaw
MI06,"26151",MI,Sanilac
MI16,"26153",MI,Schoolcraft
MI05,"26155",MI,Shiawassee
MI03,"26147",MI,St. Clair
MI09,"26149",MI,St. Joseph
MI06,"26157",MI,Tuscola
MI09,"26159",MI,Van Buren
MI04,"26161",MI,Washtenaw
MI01,"26163",MI,Wayne
MI14,"26165",MI,Wexford
MN07,"27001",MN,Aitkin
MN08,"27003",MN,Anoka
MN06,"27005",MN,Becker
MN07,"27007",MN,Beltrami
MN08,"27009",MN,Benton
MN05,"27011",MN,Big Stone
MN03,"27013",MN,Blue Earth
MN04,"27015",MN,Brown
MN02,"27017",MN,Carlton
MN08,"27019",MN,Carver
MN07,"27021",MN,Cass
MN05,"27023",MN,Chippewa
MN07,"27025",MN,Chisago
MN06,"27027",MN,Clay
MN09,"27029",MN,Clearwater
MN02,"27031",MN,Cook
MN04,"27033",MN,Cottonwood
MN07,"27035",MN,Crow Wing
MN08,"27037",MN,Dakota
MN01,"27039",MN,Dodge
MN06,"27041",MN,Douglas
MN03,"27043",MN,Faribault
MN01,"27045",MN,Fillmore
MN01,"27047",MN,Freeborn
MN01,"27049",MN,Goodhue
MN06,"27051",MN,Grant
MN08,"27053",MN,Hennepin
MN01,"27055",MN,Houston
MN07,"27057",MN,Hubbard
MN07,"27059",MN,Isanti
MN02,"27061",MN,Itasca
MN04,"27063",MN,Jackson
MN07,"27065",MN,Kanabec
MN05,"27067",MN,Kandiyohi
MN09,"27069",MN,Kittson
MN02,"27071",MN,Koochiching
MN05,"27073",MN,Lac qui Parle
MN02,"27075",MN,Lake
MN02,"27077",MN,Lake of the Woods
MN03,"27079",MN,Le Sueur
MN04,"27081",MN,Lincoln
MN05,"27083",MN,Lyon
MN09,"27087",MN,Mahnomen
MN09,"27089",MN,Marshall
MN03,"27091",MN,Martin
MN05,"27085",MN,McLeod
MN05,"27093",MN,Meeker
MN07,"27095",MN,Mille Lacs
MN07,"27097",MN,Morrison
MN01,"27099",MN,Mower
MN04,"27101",MN,Murray
MN03,"27103",MN,Nicollet
MN04,"27105",MN,Nobles
MN09,"27107",MN,Norman
MN01,"27109",MN,Olmsted
MN06,"27111",MN,Otter Tail
MN09,"27113",MN,Pennington
MN07,"27115",MN,Pine
MN04,"27117",MN,Pipestone
MN09,"27119",MN,Polk
MN06,"27121",MN,Pope
MN08,"27123",MN,Ramsey
MN09,"27125",MN,Red Lake
MN04,"27127",MN,Redwood
MN05,"27129",MN,Renville
MN03,"27131",MN,Rice
MN04,"27133",MN,Rock
MN07,"27135",MN,Roseau
MN08,"27139",MN,Scott
MN08,"27141",MN,Sherburne
MN05,"27143",MN,Sibley
MN02,"27137",MN,St. Louis
MN08,"27145",MN,Stearns
MN01,"27147",MN,Steele
MN06,"27149",MN,Stevens
MN05,"27151",MN,Swift
MN07,"27153",MN,Todd
MN06,"27155",MN,Traverse
MN01,"27157",MN,Wabasha
MN07,"27159",MN,Wadena
MN03,"27161",MN,Waseca
MN08,"27163",MN,Washington
MN03,"27165",MN,Watonwan
MN06,"27167",MN,Wilkin
MN01,"27169",MN,Winona
MN08,"27171",MN,Wright
MN05,"27173",MN,Yellow Medicine
MO02,"29001",MO,Adair
MO01,"29003",MO,Andrew
MO01,"29005",MO,Atchison
MO05,"29007",MO,Audrain
MO08,"29009",MO,Barry
MO07,"29011",MO,Barton
MO04,"29013",MO,Bates
MO04,"29015",MO,Benton
MO10,"29017",MO,Bollinger
MO05,"29019",MO,Boone
MO01,"29021",MO,Buchanan
MO10,"29023",MO,Butler
MO01,"29025",MO,Caldwell
MO05,"29027",MO,Callaway
MO05,"29029",MO,Camden
MO10,"29031",MO,Cape Girardeau
MO01,"29033",MO,Carroll
MO09,"29035",MO,Carter
MO03,"29037",MO,Cass
MO08,"29039",MO,Cedar
MO05,"29041",MO,Chariton
MO08,"29043",MO,Christian
MO02,"29045",MO,Clark
MO03,"29047",MO,Clay
MO01,"29049",MO,Clinton
MO05,"29051",MO,Cole
MO05,"29053",MO,Cooper
MO09,"29055",MO,Crawford
MO08,"29057",MO,Dade
MO08,"29059",MO,Dallas
MO01,"29061",MO,Daviess
MO01,"29063",MO,DeKalb
MO09,"29065",MO,Dent
MO08,"29067",MO,Douglas
MO10,"29069",MO,Dunklin
MO06,"29071",MO,Franklin
MO05,"29073",MO,Gasconade
MO01,"29075",MO,Gentry
MO08,"29077",MO,Greene
MO01,"29079",MO,Grundy
MO01,"29081",MO,Harrison
MO04,"29083",MO,Henry
MO08,"29085",MO,Hickory
MO01,"29087",MO,Holt
MO05,"29089",MO,Howard
MO09,"29091",MO,Howell
MO09,"29093",MO,Iron
MO03,"29095",MO,Jackson
MO07,"29097",MO,Jasper
MO06,"29099",MO,Jefferson
MO04,"29101",MO,Johnson
MO02,"29103",MO,Knox
MO08,"29105",MO,Laclede
MO04,"29107",MO,Lafayette
MO08,"29109",MO,Lawrence
MO02,"29111",MO,Lewis
MO06,"29113",MO,Lincoln
MO02,"29115",MO,Linn
MO01,"29117",MO,Livingston
MO02,"29121",MO,Macon
MO10,"29123",MO,Madison
MO05,"29125",MO,Maries
MO02,"29127",MO,Marion
MO07,"29119",MO,McDonald
MO01,"29129",MO,Mercer
MO05,"29131",MO,Miller
MO10,"29133",MO,Mississippi
MO05,"29135",MO,Moniteau
MO05,"29137",MO,Monroe
MO05,"29139",MO,Montgomery
MO05,"29141",MO,Morgan
MO10,"29143",MO,New Madrid
MO07,"29145",MO,Newton
MO01,"29147",MO,Nodaway
MO09,"29149",MO,Oregon
MO05,"29151",MO,Osage
MO08,"29153",MO,Ozark
MO10,"29155",MO,Pemiscot
MO10,"29157",MO,Perry
MO04,"29159",MO,Pettis
MO09,"29161",MO,Phelps
MO02,"29163",MO,Pike
MO03,"29165",MO,Platte
MO08,"29167",MO,Polk
MO09,"29169",MO,Pulaski
MO02,"29171",MO,Putnam
MO02,"29173",MO,Ralls
MO05,"29175",MO,Randolph
MO01,"29177",MO,Ray
MO09,"29179",MO,Reynolds
MO09,"29181",MO,Ripley
MO04,"29195",MO,Saline
MO02,"29197",MO,Schuyler
MO02,"29199",MO,Scotland
MO10,"29201",MO,Scott
MO09,"29203",MO,Shannon
MO02,"29205",MO,Shelby
MO06,"29183",MO,St. Charles
MO04,"29185",MO,St. Clair
MO06,"29187",MO,St. Francois
MO06,"29189",MO,St. Louis
MO06,"29510",MO,St. Louis city
MO06,"29186",MO,Ste. Genevieve
MO10,"29207",MO,Stoddard
MO08,"29209",MO,Stone
MO02,"29211",MO,Sullivan
MO08,"29213",MO,Taney
MO09,"29215",MO,Texas
MO04,"29217",MO,Vernon
MO06,"29219",MO,Warren
MO06,"29221",MO,Washington
MO10,"29223",MO,Wayne
MO08,"29225",MO,Webster
MO01,"29227",MO,Worth
MO08,"29229",MO,Wright
MS06,"28001",MS,Adams
MS06,"28003",MS,Alcorn
MS06,"28005",MS,Amite
MS06,"28007",MS,Attala
MS02,"28009",MS,Benton
MS06,"28011",MS,Bolivar
MS06,"28013",MS,Calhoun
MS06,"28015",MS,Carroll
MS06,"28017",MS,Chickasaw
MS06,"28019",MS,Choctaw
MS06,"28021",MS,Claiborne
MS06,"28023",MS,Clarke
MS06,"28025",MS,Clay
MS06,"28027",MS,Coahoma
MS03,"28029",MS,Copiah
MS06,"28031",MS,Covington
MS01,"28033",MS,DeSoto
MS04,"28035",MS,Forrest
MS06,"28037",MS,Franklin
MS05,"28039",MS,George
MS04,"28041",MS,Greene
MS06,"28043",MS,Grenada
MS05,"28045",MS,Hancock
MS05,"28047",MS,Harrison
MS03,"28049",MS,Hinds
MS06,"28051",MS,Holmes
MS06,"28053",MS,Humphreys
MS06,"28055",MS,Issaquena
MS02,"28057",MS,Itawamba
MS05,"28059",MS,Jackson
MS06,"28061",MS,Jasper
MS06,"28063",MS,Jefferson
MS06,"28065",MS,Jefferson Davis
MS04,"28067",MS,Jones
MS06,"28069",MS,Kemper
MS06,"28071",MS,Lafayette
MS04,"28073",MS,Lamar
MS06,"28075",MS,Lauderdale
MS06,"28077",MS,Lawrence
MS06,"28079",MS,Leake
MS02,"28081",MS,Lee
MS06,"28083",MS,Leflore
MS06,"28085",MS,Lincoln
MS06,"28087",MS,Lowndes
MS03,"28089",MS,Madison
MS06,"28091",MS,Marion
MS01,"28093",MS,Marshall
MS06,"28095",MS,Monroe
MS06,"28097",MS,Montgomery
MS06,"28099",MS,Neshoba
MS06,"28101",MS,Newton
MS06,"28103",MS,Noxubee
MS06,"28105",MS,Oktibbeha
MS06,"28107",MS,Panola
MS04,"28109",MS,Pearl River
MS04,"28111",MS,Perry
MS06,"28113",MS,Pike
MS02,"28115",MS,Pontotoc
MS06,"28117",MS,Prentiss
MS06,"28119",MS,Quitman
MS03,"28121",MS,Rankin
MS06,"28123",MS,Scott
MS06,"28125",MS,Sharkey
MS03,"28127",MS,Simpson
MS06,"28129",MS,Smith
MS05,"28131",MS,Stone
MS06,"28133",MS,Sunflower
MS06,"28135",MS,Tallahatchie
MS01,"28137",MS,Tate
MS02,"28139",MS,Tippah
MS06,"28141",MS,Tishomingo
MS01,"28143",MS,Tunica
MS02,"28145",MS,Union
MS06,"28147",MS,Walthall
MS03,"28149",MS,Warren
MS06,"28151",MS,Washington
MS06,"28153",MS,Wayne
MS06,"28155",MS,Webster
MS06,"28157",MS,Wilkinson
MS06,"28159",MS,Winston
MS06,"28161",MS,Yalobusha
MS06,"28163",MS,Yazoo
MT04,"30001",MT,Beaverhead
MT04,"30003",MT,Big Horn
MT04,"30005",MT,Blaine
MT02,"30007",MT,Broadwater
MT01,"30009",MT,Carbon
MT04,"30011",MT,Carter
MT02,"30013",MT,Cascade
MT02,"30015",MT,Chouteau
MT04,"30017",MT,Custer
MT04,"30019",MT,Daniels
MT04,"30021",MT,Dawson
MT02,"30023",MT,Deer Lodge
MT04,"30025",MT,Fallon
MT04,"30027",MT,Fergus
MT03,"30029",MT,Flathead
MT02,"30031",MT,Gallatin
MT04,"30033",MT,Garfield
MT04,"30035",MT,Glacier
MT04,"30037",MT,Golden Valley
MT04,"30039",MT,Granite
MT04,"30041",MT,Hill
MT02,"30043",MT,Jefferson
MT02,"30045",MT,Judith Basin
MT03,"30047",MT,Lake
MT02,"30049",MT,Lewis and Clark
MT04,"30051",MT,Liberty
MT04,"30053",MT,Lincoln
MT04,"30057",MT,Madison
MT04,"30055",MT,McCone
MT04,"30059",MT,Meagher
MT04,"30061",MT,Mineral
MT03,"30063",MT,Missoula
MT01,"30065",MT,Musselshell
MT04,"30067",MT,Park
MT04,"30069",MT,Petroleum
MT04,"30071",MT,Phillips
MT04,"30073",MT,Pondera
MT04,"30075",MT,Powder River
MT04,"30077",MT,Powell
MT04,"30079",MT,Prairie
MT04,"30081",MT,Ravalli
MT04,"30083",MT,Richland
MT04,"30085",MT,Roosevelt
MT04,"30087",MT,Rosebud
MT04,"30089",MT,Sanders
MT04,"30091",MT,Sheridan
MT02,"30093",MT,Silver Bow
MT01,"30095",MT,Stillwater
MT01,"30097",MT,Sweet Grass
MT02,"30099",MT,Teton
MT04,"30101",MT,Toole
MT04,"30103",MT,Treasure
MT04,"30105",MT,Valley
MT04,"30107",MT,Wheatland
MT04,"30109",MT,Wibaux
MT01,"30111",MT,Yellowstone
NC11,"37001",NC,Alamance
NC02,"37003",NC,Alexander
NC03,"37005",NC,Alleghany
NC04,"37007",NC,Anson
NC03,"37009",NC,Ashe
NC01,"37011",NC,Avery
NC16,"37013",NC,Beaufort
NC12,"37015",NC,Bertie
NC09,"37017",NC,Bladen
NC15,"37019",NC,Brunswick
NC01,"37021",NC,Buncombe
NC02,"37023",NC,Burke
NC04,"37025",NC,Cabarrus
NC02,"37027",NC,Caldwell
NC12,"37029",NC,Camden
NC16,"37031",NC,Carteret
NC11,"37033",NC,Caswell
NC02,"37035",NC,Catawba
NC11,"37037",NC,Chatham
NC01,"37039",NC,Cherokee
NC12,"37041",NC,Chowan
NC01,"37043",NC,Clay
NC05,"37045",NC,Cleveland
NC15,"37047",NC,Columbus
NC16,"37049",NC,Craven
NC09,"37051",NC,Cumberland
NC12,"37053",NC,Currituck
NC16,"37055",NC,Dare
NC06,"37057",NC,Davidson
NC06,"37059",NC,Davie
NC15,"37061",NC,Duplin
NC11,"37063",NC,Durham
NC14,"37065",NC,Edgecombe
NC06,"37067",NC,Forsyth
NC13,"37069",NC,Franklin
NC05,"37071",NC,Gaston
NC12,"37073",NC,Gates
NC01,"37075",NC,Graham
NC10,"37077",NC,Granville
NC14,"37079",NC,Greene
NC07,"37081",NC,Guilford
NC12,"37083",NC,Halifax
NC09,"37085",NC,Harnett
NC01,"37087",NC,Haywood
NC01,"37089",NC,Henderson
NC12,"37091",NC,Hertford
NC09,"37093",NC,Hoke
NC16,"37095",NC,Hyde
NC02,"37097",NC,Iredell
NC01,"37099",NC,Jackson
NC13,"37101",NC,Johnston
NC16,"37103",NC,Jones
NC11,"37105",NC,Lee
NC16,"37107",NC,Lenoir
NC05,"37109",NC,Lincoln
NC01,"37113",NC,Macon
NC01,"37115",NC,Madison
NC12,"37117",NC,Martin
NC01,"37111",NC,McDowell
NC04,"37119",NC,Mecklenburg
NC01,"37121",NC,Mitchell
NC08,"37123",NC,Montgomery
NC08,"37125",NC,Moore
NC14,"37127",NC,Nash
NC15,"37129",NC,New Hanover
NC12,"37131",NC,Northampton
NC15,"37133",NC,Onslow
NC11,"37135",NC,Orange
NC16,"37137",NC,Pamlico
NC12,"37139",NC,Pasquotank
NC15,"37141",NC,Pender
NC12,"37143",NC,Perquimans
NC11,"37145",NC,Person
NC14,"37147",NC,Pitt
NC01,"37149",NC,Polk
NC07,"37151",NC,Randolph
NC09,"37153",NC,Richmond
NC09,"37155",NC,Robeson
NC07,"37157",NC,Rockingham
NC04,"37159",NC,Rowan
NC01,"37161",NC,Rutherford
NC09,"37163",NC,Sampson
NC09,"37165",NC,Scotland
NC04,"37167",NC,Stanly
NC06,"37169",NC,Stokes
NC06,"37171",NC,Surry
NC01,"37173",NC,Swain
NC01,"37175",NC,Transylvania
NC16,"37177",NC,Tyrrell
NC04,"37179",NC,Union
NC10,"37181",NC,Vance
NC13,"37183",NC,Wake
NC10,"37185",NC,Warren
NC16,"37187",NC,Washington
NC03,"37189",NC,Watauga
NC14,"37191",NC,Wayne
NC03,"37193",NC,Wilkes
NC14,"37195",NC,Wilson
NC06,"37197",NC,Yadkin
NC01,"37199",NC,Yancey
ND04,"38001",ND,Adams
ND04,"38003",ND,Barnes
ND04,"38005",ND,Benson
ND04,"38007",ND,Billings
ND04,"38009",ND,Bottineau
ND04,"38011",ND,Bowman
ND04,"38013",ND,Burke
ND01,"38015",ND,Burleigh
ND02,"38017",ND,Cass
ND04,"38019",ND,Cavalier
ND04,"38021",ND,Dickey
ND04,"38023",ND,Divide
ND04,"38025",ND,Dunn
ND04,"38027",ND,Eddy
ND04,"38029",ND,Emmons
ND04,"38031",ND,Foster
ND04,"38033",ND,Golden Valley
ND03,"38035",ND,Grand Forks
ND04,"38037",ND,Grant
ND04,"38039",ND,Griggs
ND04,"38041",ND,Hettinger
ND04,"38043",ND,Kidder
ND04,"38045",ND,LaMoure
ND04,"38047",ND,Logan
ND04,"38049",ND,McHenry
ND04,"38051",ND,McIntosh
ND04,"38053",ND,McKenzie
ND04,"38055",ND,McLean
ND04,"38057",ND,Mercer
ND01,"38059",ND,Morton
ND04,"38061",ND,Mountrail
ND04,"38063",ND,Nelson
ND04,"38065",ND,Oliver
ND04,"38067",ND,Pembina
ND04,"38069",ND,Pierce
ND04,"38071",ND,Ramsey
ND04,"38073",ND,Ransom
ND04,"38075",ND,Renville
ND04,"38077",ND,Richland
ND04,"38079",ND,Rolette
ND04,"38081",ND,Sargent
ND04,"38083",ND,Sheridan
ND04,"38085",ND,Sioux
ND04,"38087",ND,Slope
ND04,"38089",ND,Stark
ND04,"38091",ND,Steele
ND04,"38093",ND,Stutsman
ND04,"38095",ND,Towner
ND04,"38097",ND,Traill
ND04,"38099",ND,Walsh
ND04,"38101",ND,Ward
ND04,"38103",ND,Wells
ND04,"38105",ND,Williams
NE03,"31001",NE,Adams
NE03,"31003",NE,Antelope
NE04,"31005",NE,Arthur
NE04,"31007",NE,Banner
NE03,"31009",NE,Blaine
NE03,"31011",NE,Boone
NE04,"31013",NE,Box Butte
NE03,"31015",NE,Boyd
NE04,"31017",NE,Brown
NE03,"31019",NE,Buffalo
NE01,"31021",NE,Burt
NE03,"31023",NE,Butler
NE02,"31025",NE,Cass
NE03,"31027",NE,Cedar
NE04,"31029",NE,Chase
NE04,"31031",NE,Cherry
NE04,"31033",NE,Cheyenne
NE03,"31035",NE,Clay
NE03,"31037",NE,Colfax
NE03,"31039",NE,Cuming
NE03,"31041",NE,Custer
NE03,"31043",NE,Dakota
NE04,"31045",NE,Dawes
NE03,"31047",NE,Dawson
NE04,"31049",NE,Deuel
NE03,"31051",NE,Dixon
NE01,"31053",NE,Dodge
NE01,"31055",NE,Douglas
NE04,"31057",NE,Dundy
NE02,"31059",NE,Fillmore
NE03,"31061",NE,Franklin
NE04,"31063",NE,Frontier
NE03,"31065",NE,Furnas
NE02,"31067",NE,Gage
NE04,"31069",NE,Garden
NE03,"31071",NE,Garfield
NE03,"31073",NE,Gosper
NE04,"31075",NE,Grant
NE03,"31077",NE,Greeley
NE03,"31079",NE,Hall
NE03,"31081",NE,Hamilton
NE03,"31083",NE,Harlan
NE04,"31085",NE,Hayes
NE04,"31087",NE,Hitchcock
NE03,"31089",NE,Holt
NE04,"31091",NE,Hooker
NE03,"31093",NE,Howard
NE02,"31095",NE,Jefferson
NE02,"31097",NE,Johnson
NE03,"31099",NE,Kearney
NE04,"31101",NE,Keith
NE03,"31103",NE,Keya Paha
NE04,"31105",NE,Kimball
NE03,"31107",NE,Knox
NE02,"31109",NE,Lancaster
NE04,"31111",NE,Lincoln
NE04,"31113",NE,Logan
NE03,"31115",NE,Loup
NE03,"31119",NE,Madison
NE04,"31117",NE,McPherson
NE03,"31121",NE,Merrick
NE04,"31123",NE,Morrill
NE03,"31125",NE,Nance
NE02,"31127",NE,Nemaha
NE03,"31129",NE,Nuckolls
NE02,"31131",NE,Otoe
NE02,"31133",NE,Pawnee
NE04,"31135",NE,Perkins
NE03,"31137",NE,Phelps
NE03,"31139",NE,Pierce
NE03,"31141",NE,Platte
NE03,"31143",NE,Polk
NE04,"31145",NE,Red Willow
NE02,"31147",NE,Richardson
NE03,"31149",NE,Rock
NE02,"31151",NE,Saline
NE01,"31153",NE,Sarpy
NE01,"31155",NE,Saunders
NE04,"31157",NE,Scotts Bluff
NE02,"31159",NE,Seward
NE04,"31161",NE,Sheridan
NE03,"31163",NE,Sherman
NE04,"31165",NE,Sioux
NE03,"31167",NE,Stanton
NE02,"31169",NE,Thayer
NE04,"31171",NE,Thomas
NE01,"31173",NE,Thurston
NE03,"31175",NE,Valley
NE01,"31177",NE,Washington
NE03,"31179",NE,Wayne
NE03,"31181",NE,Webster
NE03,"31183",NE,Wheeler
NE02,"31185",NE,York
NH01,"33001",NH,Belknap
NH01,"33003",NH,Carroll
NH01,"33005",NH,Cheshire
NH01,"33007",NH,Coos
NH01,"33009",NH,Grafton
NH01,"33011",NH,Hillsborough
NH01,"33013",NH,Merrimack
NH01,"33015",NH,Rockingham
NH01,"33017",NH,Strafford
NH01,"33019",NH,Sullivan
NJ01,"34001",NJ,Atlantic
NJ01,"34003",NJ,Bergen
NJ01,"34005",NJ,Burlington
NJ01,"34007",NJ,Camden
NJ01,"34009",NJ,Cape May
NJ01,"34011",NJ,Cumberland
NJ01,"34013",NJ,Essex
NJ01,"34015",NJ,Gloucester
NJ01,"34017",NJ,Hudson
NJ01,"34019",NJ,Hunterdon
NJ01,"34021",NJ,Mercer
NJ01,"34023",NJ,Middlesex
NJ01,"34025",NJ,Monmouth
NJ01,"34027",NJ,Morris
NJ01,"34029",NJ,Ocean
NJ01,"34031",NJ,Passaic
NJ01,"34033",NJ,Salem
NJ01,"34035",NJ,Somerset
NJ01,"34037",NJ,Sussex
NJ01,"34039",NJ,Union
NJ01,"34041",NJ,Warren
NM01,"35001",NM,Bernalillo
NM05,"35003",NM,Catron
NM05,"35005",NM,Chaves
NM05,"35006",NM,Cibola
NM05,"35007",NM,Colfax
NM05,"35009",NM,Curry
NM05,"35011",NM,De Baca
NM03,"35013",NM,Dona Ana
NM05,"35015",NM,Eddy
NM05,"35017",NM,Grant
NM05,"35019",NM,Guadalupe
NM05,"35021",NM,Harding
NM05,"35023",NM,Hidalgo
NM05,"35025",NM,Lea
NM05,"35027",NM,Lincoln
NM05,"35028",NM,Los Alamos
NM05,"35029",NM,Luna
NM05,"35031",NM,McKinley
NM05,"35033",NM,Mora
NM05,"35035",NM,Otero
NM05,"35037",NM,Quay
NM05,"35039",NM,Rio Arriba
NM05,"35041",NM,Roosevelt
NM02,"35045",NM,San Juan
NM05,"35047",NM,San Miguel
NM01,"35043",NM,Sandoval
NM04,"35049",NM,Santa Fe
NM05,"35051",NM,Sierra
NM05,"35053",NM,Socorro
NM05,"35055",NM,Taos
NM01,"35057",NM,Torrance
NM05,"35059",NM,Union
NM01,"35061",NM,Valencia
NV03,"32510",NV,Carson City
NV04,"32001",NV,Churchill
NV01,"32003",NV,Clark
NV03,"32005",NV,Douglas
NV04,"32007",NV,Elko
NV04,"32009",NV,Esmeralda
NV04,"32011",NV,Eureka
NV04,"32013",NV,Humboldt
NV04,"32015",NV,Lander
NV04,"32017",NV,Lincoln
NV03,"32019",NV,Lyon
NV04,"32021",NV,Mineral
NV01,"32023",NV,Nye
NV04,"32027",NV,Pershing
NV03,"32029",NV,Storey
NV02,"32031",NV,Washoe
NV04,"32033",NV,White Pine
NY01,"36001",NY,Albany
NY02,"36003",NY,Allegany
NY04,"36005",NY,Bronx
NY06,"36007",NY,Broome
NY02,"36009",NY,Cattaraugus
NY06,"36011",NY,Cayuga
NY02,"36013",NY,Chautauqua
NY06,"36015",NY,Chemung
NY07,"36017",NY,Chenango
NY07,"36019",NY,Clinton
NY01,"36021",NY,Columbia
NY06,"36023",NY,Cortland
NY03,"36025",NY,Delaware
NY03,"36027",NY,Dutchess
NY02,"36029",NY,Erie
NY07,"36031",NY,Essex
NY07,"36033",NY,Franklin
NY01,"36035",NY,Fulton
NY02,"36037",NY,Genesee
NY01,"36039",NY,Greene
NY07,"36041",NY,Hamilton
NY07,"36043",NY,Herkimer
NY07,"36045",NY,Jefferson
NY04,"36047",NY,Kings
NY07,"36049",NY,Lewis
NY05,"36051",NY,Livingston
NY07,"36053",NY,Madison
NY05,"36055",NY,Monroe
NY01,"36057",NY,Montgomery
NY08,"36059",NY,Nassau
NY04,"36061",NY,New York
NY02,"36063",NY,Niagara
NY07,"36065",NY,Oneida
NY06,"36067",NY,Onondaga
NY05,"36069",NY,Ontario
NY03,"36071",NY,Orange
NY02,"36073",NY,Orleans
NY07,"36075",NY,Oswego
NY07,"36077",NY,Otsego
NY03,"36079",NY,Putnam
NY04,"36081",NY,Queens
NY01,"36083",NY,Rensselaer
NY04,"36085",NY,Richmond
NY04,"36087",NY,Rockland
NY01,"36091",NY,Saratoga
NY01,"36093",NY,Schenectady
NY01,"36095",NY,Schoharie
NY06,"36097",NY,Schuyler
NY05,"36099",NY,Seneca
NY07,"36089",NY,St. Lawrence
NY06,"36101",NY,Steuben
NY08,"36103",NY,Suffolk
NY03,"36105",NY,Sullivan
NY06,"36107",NY,Tioga
NY06,"36109",NY,Tompkins
NY03,"36111",NY,Ulster
NY01,"36113",NY,Warren
NY01,"36115",NY,Washington
NY05,"36117",NY,Wayne
NY04,"36119",NY,Westchester
NY02,"36121",NY,Wyoming
NY05,"36123",NY,Yates
OH05,"39001",OH,Adams
OH02,"39003",OH,Allen
OH12,"39005",OH,Ashland
OH11,"39007",OH,Ashtabula
OH17,"39009",OH,Athens
OH02,"39011",OH,Auglaize
OH16,"39013",OH,Belmont
OH05,"39015",OH,Brown
OH04,"39017",OH,Butler
OH15,"39019",OH,Carroll
OH03,"39021",OH,Champaign
OH03,"39023",OH,Clark
OH05,"39025",OH,Clermont
OH05,"39027",OH,Clinton
OH13,"39029",OH,Columbiana
OH16,"39031",OH,Coshocton
OH07,"39033",OH,Crawford
OH11,"39035",OH,Cuyahoga
OH03,"39037",OH,Darke
OH01,"39039",OH,Defiance
OH09,"39041",OH,Delaware
OH06,"39043",OH,Erie
OH09,"39045",OH,Fairfield
OH09,"39047",OH,Fayette
OH09,"39049",OH,Franklin
OH01,"39051",OH,Fulton
OH10,"39053",OH,Gallia
OH11,"39055",OH,Geauga
OH03,"39057",OH,Greene
OH16,"39059",OH,Guernsey
OH04,"39061",OH,Hamilton
OH02,"39063",OH,Hancock
OH02,"39065",OH,Hardin
OH16,"39067",OH,Harrison
OH01,"39069",OH,Henry
OH05,"39071",OH,Highland
OH17,"39073",OH,Hocking
OH14,"39075",OH,Holmes
OH06,"39077",OH,Huron
OH10,"39079",OH,Jackson
OH16,"39081",OH,Jefferson
OH09,"39083",OH,Knox
OH11,"39085",OH,Lake
OH10,"39087",OH,Lawrence
OH09,"39089",OH,Licking
OH09,"39091",OH,Logan
OH11,"39093",OH,Lorain
OH01,"39095",OH,Lucas
OH09,"39097",OH,Madison
OH13,"39099",OH,Mahoning
OH08,"39101",OH,Marion
OH12,"39103",OH,Medina
OH17,"39105",OH,Meigs
OH02,"39107",OH,Mercer
OH03,"39109",OH,Miami
OH16,"39111",OH,Monroe
OH03,"39113",OH,Montgomery
OH16,"39115",OH,Morgan
OH08,"39117",OH,Morrow
OH16,"39119",OH,Muskingum
OH16,"39121",OH,Noble
OH06,"39123",OH,Ottawa
OH02,"39125",OH,Paulding
OH16,"39127",OH,Perry
OH09,"39129",OH,Pickaway
OH10,"39131",OH,Pike
OH12,"39133",OH,Portage
OH03,"39135",OH,Preble
OH02,"39137",OH,Putnam
OH07,"39139",OH,Richland
OH10,"39141",OH,Ross
OH06,"39143",OH,Sandusky
OH10,"39145",OH,Scioto
OH06,"39147",OH,Seneca
OH03,"39149",OH,Shelby
OH15,"39151",OH,Stark
OH12,"39153",OH,Summit
OH13,"39155",OH,Trumbull
OH16,"39157",OH,Tuscarawas
OH09,"39159",OH,Union
OH02,"39161",OH,Van Wert
OH10,"39163",OH,Vinton
OH04,"39165",OH,Warren
OH17,"39167",OH,Washington
OH14,"39169",OH,Wayne
OH01,"39171",OH,Williams
OH01,"39173",OH,Wood
OH06,"39175",OH,Wyandot
OK05,"40001",OK,Adair
OK05,"40003",OK,Alfalfa
OK05,"40005",OK,Atoka
OK05,"40007",OK,Beaver
OK05,"40009",OK,Beckham
OK05,"40011",OK,Blaine
OK05,"40013",OK,Bryan
OK05,"40015",OK,Caddo
OK03,"40017",OK,Canadian
OK05,"40019",OK,Carter
OK05,"40021",OK,Cherokee
OK05,"40023",OK,Choctaw
OK05,"40025",OK,Cimarron
OK03,"40027",OK,Cleveland
OK05,"40029",OK,Coal
OK02,"40031",OK,Comanche
OK05,"40033",OK,Cotton
OK05,"40035",OK,Craig
OK04,"40037",OK,Creek
OK05,"40039",OK,Custer
OK05,"40041",OK,Delaware
OK05,"40043",OK,Dewey
OK05,"40045",OK,Ellis
OK05,"40047",OK,Garfield
OK05,"40049",OK,Garvin
OK03,"40051",OK,Grady
OK05,"40053",OK,Grant
OK05,"40055",OK,Greer
OK05,"40057",OK,Harmon
OK05,"40059",OK,Harper
OK05,"40061",OK,Haskell
OK05,"40063",OK,Hughes
OK05,"40065",OK,Jackson
OK05,"40067",OK,Jefferson
OK05,"40069",OK,Johnston
OK05,"40071",OK,Kay
OK05,"40073",OK,Kingfisher
OK05,"40075",OK,Kiowa
OK05,"40077",OK,Latimer
OK01,"40079",OK,Le Flore
OK03,"40081",OK,Lincoln
OK03,"40083",OK,Logan
OK05,"40085",OK,Love
OK05,"40093",OK,Major
OK05,"40095",OK,Marshall
OK05,"40097",OK,Mayes
OK03,"40087",OK,McClain
OK05,"40089",OK,McCurtain
OK05,"40091",OK,McIntosh
OK05,"40099",OK,Murray
OK05,"40101",OK,Muskogee
OK05,"40103",OK,Noble
OK05,"40105",OK,Nowata
OK05,"40107",OK,Okfuskee
OK03,"40109",OK,Oklahoma
OK04,"40111",OK,Okmulgee
OK04,"40113",OK,Osage
OK05,"40115",OK,Ottawa
OK04,"40117",OK,Pawnee
OK05,"40119",OK,Payne
OK05,"40121",OK,Pittsburg
OK05,"40123",OK,Pontotoc
OK05,"40125",OK,Pottawatomie
OK05,"40127",OK,Pushmataha
OK05,"40129",OK,Roger Mills
OK04,"40131",OK,Rogers
OK05,"40133",OK,Seminole
OK01,"40135",OK,Sequoyah
OK05,"40137",OK,Stephens
OK05,"40139",OK,Texas
OK05,"40141",OK,Tillman
OK04,"40143",OK,Tulsa
OK04,"40145",OK,Wagoner
OK05,"40147",OK,Washington
OK05,"40149",OK,Washita
OK05,"40151",OK,Woods
OK05,"40153",OK,Woodward
OR06,"41001",OR,Baker
OR02,"41003",OR,Benton
OR01,"41005",OR,Clackamas
OR05,"41007",OR,Clatsop
OR05,"41009",OR,Columbia
OR05,"41011",OR,Coos
OR06,"41013",OR,Crook
OR05,"41015",OR,Curry
OR04,"41017",OR,Deschutes
OR07,"41019",OR,Douglas
OR06,"41021",OR,Gilliam
OR06,"41023",OR,Grant
OR06,"41025",OR,Harney
OR06,"41027",OR,Hood River
OR07,"41029",OR,Jackson
OR06,"41031",OR,Jefferson
OR07,"41033",OR,Josephine
OR04,"41035",OR,Klamath
OR04,"41037",OR,Lake
OR02,"41039",OR,Lane
OR05,"41041",OR,Lincoln
OR02,"41043",OR,Linn
OR06,"41045",OR,Malheur
OR03,"41047",OR,Marion
OR06,"41049",OR,Morrow
OR01,"41051",OR,Multnomah
OR03,"41053",OR,Polk
OR06,"41055",OR,Sherman
OR05,"41057",OR,Tillamook
OR06,"41059",OR,Umatilla
OR06,"41061",OR,Union
OR06,"41063",OR,Wallowa
OR06,"41065",OR,Wasco
OR01,"41067",OR,Washington
OR06,"41069",OR,Wheeler
OR01,"41071",OR,Yamhill
PA07,"42001",PA,Adams
PA04,"42003",PA,Allegheny
PA04,"42005",PA,Armstrong
PA04,"42007",PA,Beaver
PA05,"42009",PA,Bedford
PA07,"42011",PA,Berks
PA05,"42013",PA,Blair
PA03,"42015",PA,Bradford
PA08,"42017",PA,Bucks
PA04,"42019",PA,Butler
PA05,"42021",PA,Cambria
PA02,"42023",PA,Cameron
PA03,"42025",PA,Carbon
PA06,"42027",PA,Centre
PA08,"42029",PA,Chester
PA01,"42031",PA,Clarion
PA05,"42033",PA,Clearfield
PA03,"42035",PA,Clinton
PA06,"42037",PA,Columbia
PA01,"42039",PA,Crawford
PA09,"42041",PA,Cumberland
PA09,"42043",PA,Dauphin
PA08,"42045",PA,Delaware
PA02,"42047",PA,Elk
PA01,"42049",PA,Erie
PA04,"42051",PA,Fayette
PA01,"42053",PA,Forest
PA09,"42055",PA,Franklin
PA09,"42057",PA,Fulton
PA04,"42059",PA,Greene
PA05,"42061",PA,Huntingdon
PA04,"42063",PA,Indiana
PA05,"42065",PA,Jefferson
PA09,"42067",PA,Juniata
PA03,"42069",PA,Lackawanna
PA07,"42071",PA,Lancaster
PA04,"42073",PA,Lawrence
PA09,"42075",PA,Lebanon
PA06,"42077",PA,Lehigh
PA03,"42079",PA,Luzerne
PA03,"42081",PA,Lycoming
PA01,"42083",PA,McKean
PA01,"42085",PA,Mercer
PA06,"42087",PA,Mifflin
PA03,"42089",PA,Monroe
PA08,"42091",PA,Montgomery
PA06,"42093",PA,Montour
PA06,"42095",PA,Northampton
PA06,"42097",PA,Northumberland
PA09,"42099",PA,Perry
PA08,"42101",PA,Philadelphia
PA03,"42103",PA,Pike
PA02,"42105",PA,Potter
PA06,"42107",PA,Schuylkill
PA06,"42109",PA,Snyder
PA05,"42111",PA,Somerset
PA03,"42113",PA,Sullivan
PA03,"42115",PA,Susquehanna
PA03,"42117",PA,Tioga
PA06,"42119",PA,Union
PA01,"42121",PA,Venango
PA01,"42123",PA,Warren
PA04,"42125",PA,Washington
PA03,"42127",PA,Wayne
PA04,"42129",PA,Westmoreland
PA03,"42131",PA,Wyoming
PA07,"42133",PA,York
RI01,"44001",RI,Bristol
RI01,"44003",RI,Kent
RI01,"44005",RI,Newport
RI01,"44007",RI,Providence
RI01,"44009",RI,Washington
SC01,"45001",SC,Abbeville
SC02,"45003",SC,Aiken
SC03,"45005",SC,Allendale
SC04,"45007",SC,Anderson
SC05,"45009",SC,Bamberg
SC06,"45011",SC,Barnwell
SC07,"45013",SC,Beaufort
SC08,"45015",SC,Berkeley
SC09,"45017",SC,Calhoun
SC10,"45019",SC,Charleston
SC11,"45021",SC,Cherokee
SC12,"45023",SC,Chester
SC13,"45025",SC,Chesterfield
SC14,"45027",SC,Clarendon
SC15,"45029",SC,Colleton
SC16,"45031",SC,Darlington
SC17,"45033",SC,Dillon
SC18,"45035",SC,Dorchester
SC19,"45037",SC,Edgefield
SC20,"45039",SC,Fairfield
SC21,"45041",SC,Florence
SC22,"45043",SC,Georgetown
SC23,"45045",SC,Greenville
SC24,"45047",SC,Greenwood
SC25,"45049",SC,Hampton
SC26,"45051",SC,Horry
SC27,"45053",SC,Jasper
SC28,"45055",SC,Kershaw
SC29,"45057",SC,Lancaster
SC30,"45059",SC,Laurens
SC31,"45061",SC,Lee
SC32,"45063",SC,Lexington
SC34,"45067",SC,Marion
SC35,"45069",SC,Marlboro
SC33,"45065",SC,McCormick
SC36,"45071",SC,Newberry
SC37,"45073",SC,Oconee
SC38,"45075",SC,Orangeburg
SC39,"45077",SC,Pickens
SC40,"45079",SC,Richland
SC41,"45081",SC,Saluda
SC42,"45083",SC,Spartanburg
SC43,"45085",SC,Sumter
SC44,"45087",SC,Union
SC45,"45089",SC,Williamsburg
SC46,"45091",SC,York
SD04,"46003",SD,Aurora
SD03,"46005",SD,Beadle
SD01,"46007",SD,Bennett
SD04,"46009",SD,Bon Homme
SD03,"46011",SD,Brookings
SD03,"46013",SD,Brown
SD04,"46015",SD,Brule
SD04,"46017",SD,Buffalo
SD01,"46019",SD,Butte
SD03,"46021",SD,Campbell
SD04,"46023",SD,Charles Mix
SD03,"46025",SD,Clark
SD02,"46027",SD,Clay
SD03,"46029",SD,Codington
SD03,"46031",SD,Corson
SD01,"46033",SD,Custer
SD04,"46035",SD,Davison
SD03,"46037",SD,Day
SD03,"46039",SD,Deuel
SD03,"46041",SD,Dewey
SD04,"46043",SD,Douglas
SD03,"46045",SD,Edmunds
SD01,"46047",SD,Fall River
SD03,"46049",SD,Faulk
SD03,"46051",SD,Grant
SD04,"46053",SD,Gregory
SD01,"46055",SD,Haakon
SD03,"46057",SD,Hamlin
SD04,"46059",SD,Hand
SD04,"46061",SD,Hanson
SD01,"46063",SD,Harding
SD04,"46065",SD,Hughes
SD04,"46067",SD,Hutchinson
SD04,"46069",SD,Hyde
SD01,"46071",SD,Jackson
SD04,"46073",SD,Jerauld
SD01,"46075",SD,Jones
SD03,"46077",SD,Kingsbury
SD02,"46079",SD,Lake
SD01,"46081",SD,Lawrence
SD02,"46083",SD,Lincoln
SD04,"46085",SD,Lyman
SD03,"46091",SD,Marshall
SD02,"46087",SD,McCook
SD03,"46089",SD,McPherson
SD01,"46093",SD,Meade
SD01,"46095",SD,Mellette
SD04,"46097",SD,Miner
SD02,"46099",SD,Minnehaha
SD02,"46101",SD,Moody
SD01,"46102",SD,Oglala Lakota
SD01,"46103",SD,Pennington
SD01,"46105",SD,Perkins
SD03,"46107",SD,Potter
SD03,"46109",SD,Roberts
SD04,"46111",SD,Sanborn
SD03,"46115",SD,Spink
SD04,"46117",SD,Stanley
SD04,"46119",SD,Sully
SD01,"46121",SD,Todd
SD04,"46123",SD,Tripp
SD02,"46125",SD,Turner
SD02,"46127",SD,Union
SD03,"46129",SD,Walworth
SD04,"46135",SD,Yankton
SD01,"46137",SD,Ziebach
TN02,"47001",TN,Anderson
TN08,"47003",TN,Bedford
TN05,"47005",TN,Benton
TN03,"47007",TN,Bledsoe
TN02,"47009",TN,Blount
TN03,"47011",TN,Bradley
TN02,"47013",TN,Campbell
TN07,"47015",TN,Cannon
TN05,"47017",TN,Carroll
TN01,"47019",TN,Carter
TN04,"47021",TN,Cheatham
TN05,"47023",TN,Chester
TN02,"47025",TN,Claiborne
TN07,"47027",TN,Clay
TN02,"47029",TN,Cocke
TN08,"47031",TN,Coffee
TN05,"47033",TN,Crockett
TN07,"47035",TN,Cumberland
TN04,"47037",TN,Davidson
TN07,"47041",TN,DeKalb
TN05,"47039",TN,Decatur
TN08,"47043",TN,Dickson
TN05,"47045",TN,Dyer
TN06,"47047",TN,Fayette
TN07,"47049",TN,Fentress
TN03,"47051",TN,Franklin
TN05,"47053",TN,Gibson
TN08,"47055",TN,Giles
TN02,"47057",TN,Grainger
TN01,"47059",TN,Greene
TN03,"47061",TN,Grundy
TN02,"47063",TN,Hamblen
TN03,"47065",TN,Hamilton
TN01,"47067",TN,Hancock
TN05,"47069",TN,Hardeman
TN05,"47071",TN,Hardin
TN01,"47073",TN,Hawkins
TN06,"47075",TN,Haywood
TN05,"47077",TN,Henderson
TN05,"47079",TN,Henry
TN08,"47081",TN,Hickman
TN08,"47083",TN,Houston
TN08,"47085",TN,Humphreys
TN07,"47087",TN,Jackson
TN02,"47089",TN,Jefferson
TN01,"47091",TN,Johnson
TN02,"47093",TN,Knox
TN05,"47095",TN,Lake
TN06,"47097",TN,Lauderdale
TN08,"47099",TN,Lawrence
TN08,"47101",TN,Lewis
TN08,"47103",TN,Lincoln
TN02,"47105",TN,Loudon
TN07,"47111",TN,Macon
TN05,"47113",TN,Madison
TN03,"47115",TN,Marion
TN08,"47117",TN,Marshall
TN08,"47119",TN,Maury
TN03,"47107",TN,McMinn
TN05,"47109",TN,McNairy
TN03,"47121",TN,Meigs
TN02,"47123",TN,Monroe
TN04,"47125",TN,Montgomery
TN08,"47127",TN,Moore
TN02,"47129",TN,Morgan
TN05,"47131",TN,Obion
TN07,"47133",TN,Overton
TN08,"47135",TN,Perry
TN07,"47137",TN,Pickett
TN03,"47139",TN,Polk
TN07,"47141",TN,Putnam
TN03,"47143",TN,Rhea
TN02,"47145",TN,Roane
TN04,"47147",TN,Robertson
TN04,"47149",TN,Rutherford
TN02,"47151",TN,Scott
TN03,"47153",TN,Sequatchie
TN02,"47155",TN,Sevier
TN06,"47157",TN,Shelby
TN07,"47159",TN,Smith
TN08,"47161",TN,Stewart
TN01,"47163",TN,Sullivan
TN04,"47165",TN,Sumner
TN06,"47167",TN,Tipton
TN04,"47169",TN,Trousdale
TN01,"47171",TN,Unicoi
TN02,"47173",TN,Union
TN07,"47175",TN,Van Buren
TN07,"47177",TN,Warren
TN01,"47179",TN,Washington
TN08,"47181",TN,Wayne
TN05,"47183",TN,Weakley
TN07,"47185",TN,White
TN04,"47187",TN,Williamson
TN04,"47189",TN,Wilson
TX21,"48001",TX,Anderson
TX16,"48003",TX,Andrews
TX04,"48005",TX,Angelina
TX07,"48007",TX,Aransas
TX24,"48009",TX,Archer
TX02,"48011",TX,Armstrong
TX18,"48013",TX,Atascosa
TX26,"48015",TX,Austin
TX14,"48017",TX,Bailey
TX18,"48019",TX,Bandera
TX03,"48021",TX,Bastrop
TX24,"48023",TX,Baylor
TX07,"48025",TX,Bee
TX11,"48027",TX,Bell
TX18,"48029",TX,Bexar
TX03,"48031",TX,Blanco
TX16,"48033",TX,Borden
TX23,"48035",TX,Bosque
TX20,"48037",TX,Bowie
TX26,"48039",TX,Brazoria
TX06,"48041",TX,Brazos
TX09,"48043",TX,Brewster
TX02,"48045",TX,Briscoe
TX15,"48047",TX,Brooks
TX01,"48049",TX,Brown
TX06,"48051",TX,Burleson
TX03,"48053",TX,Burnet
TX03,"48055",TX,Caldwell
TX22,"48057",TX,Calhoun
TX01,"48059",TX,Callahan
TX05,"48061",TX,Cameron
TX20,"48063",TX,Camp
TX02,"48065",TX,Carson
TX20,"48067",TX,Cass
TX02,"48069",TX,Castro
TX27,"48071",TX,Chambers
TX21,"48073",TX,Cherokee
TX02,"48075",TX,Childress
TX24,"48077",TX,Clay
TX14,"48079",TX,Cochran
TX17,"48081",TX,Coke
TX01,"48083",TX,Coleman
TX08,"48085",TX,Collin
TX02,"48087",TX,Collingsworth
TX26,"48089",TX,Colorado
TX18,"48091",TX,Comal
TX01,"48093",TX,Comanche
TX17,"48095",TX,Concho
TX19,"48097",TX,Cooke
TX11,"48099",TX,Coryell
TX24,"48101",TX,Cottle
TX16,"48103",TX,Crane
TX17,"48105",TX,Crockett
TX14,"48107",TX,Crosby
TX09,"48109",TX,Culberson
TX02,"48111",TX,Dallam
TX08,"48113",TX,Dallas
TX16,"48115",TX,Dawson
TX22,"48123",TX,DeWitt
TX02,"48117",TX,Deaf Smith
TX20,"48119",TX,Delta
TX25,"48121",TX,Denton
TX14,"48125",TX,Dickens
TX18,"48127",TX,Dimmit
TX02,"48129",TX,Donley
TX12,"48131",TX,Duval
TX01,"48133",TX,Eastland
TX16,"48135",TX,Ector
TX18,"48137",TX,Edwards
TX09,"48141",TX,El Paso
TX08,"48139",TX,Ellis
TX25,"48143",TX,Erath
TX23,"48145",TX,Falls
TX19,"48147",TX,Fannin
TX03,"48149",TX,Fayette
TX01,"48151",TX,Fisher
TX14,"48153",TX,Floyd
TX24,"48155",TX,Foard
TX26,"48157",TX,Fort Bend
TX20,"48159",TX,Franklin
TX23,"48161",TX,Freestone
TX18,"48163",TX,Frio
TX16,"48165",TX,Gaines
TX10,"48167",TX,Galveston
TX14,"48169",TX,Garza
TX18,"48171",TX,Gillespie
TX16,"48173",TX,Glasscock
TX22,"48175",TX,Goliad
TX18,"48177",TX,Gonzales
TX02,"48179",TX,Gray
TX19,"48181",TX,Grayson
TX13,"48183",TX,Gregg
TX06,"48185",TX,Grimes
TX18,"48187",TX,Guadalupe
TX14,"48189",TX,Hale
TX02,"48191",TX,Hall
TX11,"48193",TX,Hamilton
TX02,"48195",TX,Hansford
TX24,"48197",TX,Hardeman
TX04,"48199",TX,Hardin
TX10,"48201",TX,Harris
TX13,"48203",TX,Harrison
TX02,"48205",TX,Hartley
TX01,"48207",TX,Haskell
TX03,"48209",TX,Hays
TX02,"48211",TX,Hemphill
TX21,"48213",TX,Henderson
TX15,"48215",TX,Hidalgo
TX23,"48217",TX,Hill
TX14,"48219",TX,Hockley
TX25,"48221",TX,Hood
TX20,"48223",TX,Hopkins
TX04,"48225",TX,Houston
TX16,"48227",TX,Howard
TX09,"48229",TX,Hudspeth
TX08,"48231",TX,Hunt
TX02,"48233",TX,Hutchinson
TX17,"48235",TX,Irion
TX24,"48237",TX,Jack
TX22,"48239",TX,Jackson
TX04,"48241",TX,Jasper
TX09,"48243",TX,Jeff Davis
TX04,"48245",TX,Jefferson
TX12,"48247",TX,Jim Hogg
TX07,"48249",TX,Jim Wells
TX25,"48251",TX,Johnson
TX01,"48253",TX,Jones
TX22,"48255",TX,Karnes
TX08,"48257",TX,Kaufman
TX18,"48259",TX,Kendall
TX05,"48261",TX,Kenedy
TX01,"48263",TX,Kent
TX18,"48265",TX,Kerr
TX17,"48267",TX,Kimble
TX14,"48269",TX,King
TX18,"48271",TX,Kinney
TX07,"48273",TX,Kleberg
TX24,"48275",TX,Knox
TX18,"48283",TX,La Salle
TX20,"48277",TX,Lamar
TX14,"48279",TX,Lamb
TX11,"48281",TX,Lampasas
TX22,"48285",TX,Lavaca
TX03,"48287",TX,Lee
TX06,"48289",TX,Leon
TX27,"48291",TX,Liberty
TX23,"48293",TX,Limestone
TX02,"48295",TX,Lipscomb
TX07,"48297",TX,Live Oak
TX03,"48299",TX,Llano
TX16,"48301",TX,Loving
TX14,"48303",TX,Lubbock
TX14,"48305",TX,Lynn
TX06,"48313",TX,Madison
TX13,"48315",TX,Marion
TX16,"48317",TX,Martin
TX17,"48319",TX,Mason
TX26,"48321",TX,Matagorda
TX18,"48323",TX,Maverick
TX17,"48307",TX,McCulloch
TX23,"48309",TX,McLennan
TX12,"48311",TX,McMullen
TX18,"48325",TX,Medina
TX17,"48327",TX,Menard
TX16,"48329",TX,Midland
TX06,"48331",TX,Milam
TX11,"48333",TX,Mills
TX01,"48335",TX,Mitchell
TX24,"48337",TX,Montague
TX27,"48339",TX,Montgomery
TX02,"48341",TX,Moore
TX20,"48343",TX,Morris
TX14,"48345",TX,Motley
TX04,"48347",TX,Nacogdoches
TX08,"48349",TX,Navarro
TX04,"48351",TX,Newton
TX01,"48353",TX,Nolan
TX07,"48355",TX,Nueces
TX02,"48357",TX,Ochiltree
TX02,"48359",TX,Oldham
TX04,"48361",TX,Orange
TX25,"48363",TX,Palo Pinto
TX13,"48365",TX,Panola
TX25,"48367",TX,Parker
TX02,"48369",TX,Parmer
TX16,"48371",TX,Pecos
TX04,"48373",TX,Polk
TX02,"48375",TX,Potter
TX09,"48377",TX,Presidio
TX21,"48379",TX,Rains
TX02,"48381",TX,Randall
TX17,"48383",TX,Reagan
TX18,"48385",TX,Real
TX20,"48387",TX,Red River
TX16,"48389",TX,Reeves
TX07,"48391",TX,Refugio
TX02,"48393",TX,Roberts
TX06,"48395",TX,Robertson
TX08,"48397",TX,Rockwall
TX01,"48399",TX,Runnels
TX13,"48401",TX,Rusk
TX04,"48403",TX,Sabine
TX04,"48405",TX,San Augustine
TX04,"48407",TX,San Jacinto
TX07,"48409",TX,San Patricio
TX11,"48411",TX,San Saba
TX17,"48413",TX,Schleicher
TX01,"48415",TX,Scurry
TX01,"48417",TX,Shackelford
TX04,"48419",TX,Shelby
TX02,"48421",TX,Sherman
TX21,"48423",TX,Smith
TX25,"48425",TX,Somervell
TX15,"48427",TX,Starr
TX01,"48429",TX,Stephens
TX17,"48431",TX,Sterling
TX01,"48433",TX,Stonewall
TX17,"48435",TX,Sutton
TX02,"48437",TX,Swisher
TX25,"48439",TX,Tarrant
TX01,"48441",TX,Taylor
TX16,"48443",TX,Terrell
TX14,"48445",TX,Terry
TX01,"48447",TX,Throckmorton
TX20,"48449",TX,Titus
TX17,"48451",TX,Tom Green
TX03,"48453",TX,Travis
TX04,"48455",TX,Trinity
TX04,"48457",TX,Tyler
TX13,"48459",TX,Upshur
TX16,"48461",TX,Upton
TX18,"48463",TX,Uvalde
TX18,"48465",TX,Val Verde
TX21,"48467",TX,Van Zandt
TX22,"48469",TX,Victoria
TX27,"48471",TX,Walker
TX26,"48473",TX,Waller
TX16,"48475",TX,Ward
TX06,"48477",TX,Washington
TX12,"48479",TX,Webb
TX26,"48481",TX,Wharton
TX02,"48483",TX,Wheeler
TX24,"48485",TX,Wichita
TX24,"48487",TX,Wilbarger
TX05,"48489",TX,Willacy
TX03,"48491",TX,Williamson
TX18,"48493",TX,Wilson
TX16,"48495",TX,Winkler
TX25,"48497",TX,Wise
TX21,"48499",TX,Wood
TX14,"48501",TX,Yoakum
TX24,"48503",TX,Young
TX12,"48505",TX,Zapata
TX18,"48507",TX,Zavala
UT06,"49001",UT,Beaver
UT02,"49003",UT,Box Elder
UT01,"49005",UT,Cache
UT06,"49007",UT,Carbon
UT06,"49009",UT,Daggett
UT03,"49011",UT,Davis
UT06,"49013",UT,Duchesne
UT06,"49015",UT,Emery
UT06,"49017",UT,Garfield
UT06,"49019",UT,Grand
UT05,"49021",UT,Iron
UT06,"49023",UT,Juab
UT06,"49025",UT,Kane
UT06,"49027",UT,Millard
UT02,"49029",UT,Morgan
UT06,"49031",UT,Piute
UT01,"49033",UT,Rich
UT03,"49035",UT,Salt Lake
UT06,"49037",UT,San Juan
UT06,"49039",UT,Sanpete
UT06,"49041",UT,Sevier
UT03,"49043",UT,Summit
UT03,"49045",UT,Tooele
UT06,"49047",UT,Uintah
UT04,"49049",UT,Utah
UT03,"49051",UT,Wasatch
UT05,"49053",UT,Washington
UT06,"49055",UT,Wayne
UT02,"49057",UT,Weber
VA12,"51001",VA,Accomack
VA02,"51003",VA,Albemarle
VA10,"51510",VA,Alexandria city
VA12,"51005",VA,Alleghany
VA07,"51007",VA,Amelia
VA06,"51009",VA,Amherst
VA06,"51011",VA,Appomattox
VA10,"51013",VA,Arlington
VA12,"51015",VA,Augusta
VA12,"51017",VA,Bath
VA06,"51019",VA,Bedford
VA12,"51021",VA,Bland
VA08,"51023",VA,Botetourt
VA05,"51520",VA,Bristol city
VA12,"51025",VA,Brunswick
VA12,"51027",VA,Buchanan
VA12,"51029",VA,Buckingham
VA12,"51530",VA,Buena Vista city
VA06,"51031",VA,Campbell
VA07,"51033",VA,Caroline
VA12,"51035",VA,Carroll
VA07,"51036",VA,Charles City
VA12,"51037",VA,Charlotte
VA02,"51540",VA,Charlottesville city
VA09,"51550",VA,Chesapeake city
VA07,"51041",VA,Chesterfield
VA10,"51043",VA,Clarke
VA07,"51570",VA,Colonial Heights city
VA12,"51580",VA,Covington city
VA08,"51045",VA,Craig
VA12,"51047",VA,Culpeper
VA07,"51049",VA,Cumberland
VA03,"51590",VA,Danville city
VA12,"51051",VA,Dickenson
VA07,"51053",VA,Dinwiddie
VA12,"51595",VA,Emporia city
VA12,"51057",VA,Essex
VA10,"51059",VA,Fairfax
VA10,"51600",VA,Fairfax city
VA10,"51610",VA,Falls Church city
VA10,"51061",VA,Fauquier
VA12,"51063",VA,Floyd
VA02,"51065",VA,Fluvanna
VA08,"51067",VA,Franklin
VA12,"51620",VA,Franklin city
VA11,"51069",VA,Frederick
VA10,"51630",VA,Fredericksburg city
VA12,"51640",VA,Galax city
VA01,"51071",VA,Giles
VA09,"51073",VA,Gloucester
VA07,"51075",VA,Goochland
VA12,"51077",VA,Grayson
VA02,"51079",VA,Greene
VA12,"51081",VA,Greensville
VA12,"51083",VA,Halifax
VA09,"51650",VA,Hampton city
VA07,"51085",VA,Hanover
VA04,"51660",VA,Harrisonburg city
VA07,"51087",VA,Henrico
VA12,"51089",VA,Henry
VA12,"51091",VA,Highland
VA07,"51670",VA,Hopewell city
VA09,"51093",VA,Isle of Wight
VA09,"51095",VA,James City
VA12,"51099",VA,King George
VA07,"51101",VA,King William
VA07,"51097",VA,King and Queen
VA12,"51103",VA,Lancaster
VA12,"51105",VA,Lee
VA12,"51678",VA,Lexington city
VA10,"51107",VA,Loudoun
VA07,"51109",VA,Louisa
VA12,"51111",VA,Lunenburg
VA06,"51680",VA,Lynchburg city
VA12,"51113",VA,Madison
VA10,"51685",VA,Manassas Park city
VA10,"51683",VA,Manassas city
VA12,"51690",VA,Martinsville city
VA09,"51115",VA,Mathews
VA12,"51117",VA,Mecklenburg
VA12,"51119",VA,Middlesex
VA01,"51121",VA,Montgomery
VA02,"51125",VA,Nelson
VA07,"51127",VA,New Kent
VA09,"51700",VA,Newport News city
VA09,"51710",VA,Norfolk city
VA12,"51131",VA,Northampton
VA12,"51133",VA,Northumberland
VA12,"51720",VA,Norton city
VA12,"51135",VA,Nottoway
VA12,"51137",VA,Orange
VA12,"51139",VA,Page
VA12,"51141",VA,Patrick
VA07,"51730",VA,Petersburg city
VA03,"51143",VA,Pittsylvania
VA09,"51735",VA,Poquoson city
VA09,"51740",VA,Portsmouth city
VA07,"51145",VA,Powhatan
VA12,"51147",VA,Prince Edward
VA07,"51149",VA,Prince George
VA10,"51153",VA,Prince William
VA01,"51155",VA,Pulaski
VA01,"51750",VA,Radford city
VA12,"51157",VA,Rappahannock
VA12,"51159",VA,Richmond
VA07,"51760",VA,Richmond city
VA08,"51161",VA,Roanoke
VA08,"51770",VA,Roanoke city
VA12,"51163",VA,Rockbridge
VA04,"51165",VA,Rockingham
VA12,"51167",VA,Russell
VA08,"51775",VA,Salem city
VA05,"51169",VA,Scott
VA12,"51171",VA,Shenandoah
VA12,"51173",VA,Smyth
VA12,"51175",VA,Southampton
VA10,"51177",VA,Spotsylvania
VA10,"51179",VA,Stafford
VA12,"51790",VA,Staunton city
VA09,"51800",VA,Suffolk city
VA09,"51181",VA,Surry
VA07,"51183",VA,Sussex
VA12,"51185",VA,Tazewell
VA09,"51810",VA,Virginia Beach city
VA10,"51187",VA,Warren
VA05,"51191",VA,Washington
VA12,"51820",VA,Waynesboro city
VA12,"51193",VA,Westmoreland
VA09,"51830",VA,Williamsburg city
VA11,"51840",VA,Winchester city
VA12,"51195",VA,Wise
VA12,"51197",VA,Wythe
VA09,"51199",VA,York
VT01,"50001",VT,Addison
VT01,"50003",VT,Bennington
VT01,"50005",VT,Caledonia
VT01,"50007",VT,Chittenden
VT01,"50009",VT,Essex
VT01,"50011",VT,Franklin
VT01,"50013",VT,Grand Isle
VT01,"50015",VT,Lamoille
VT01,"50017",VT,Orange
VT01,"50019",VT,Orleans
VT01,"50021",VT,Rutland
VT01,"50023",VT,Washington
VT01,"50025",VT,Windham
VT01,"50027",VT,Windsor
WA07,"53001",WA,Adams
WA09,"53003",WA,Asotin
WA06,"53005",WA,Benton
WA07,"53007",WA,Chelan
WA02,"53009",WA,Clallam
WA03,"53011",WA,Clark
WA09,"53013",WA,Columbia
WA02,"53015",WA,Cowlitz
WA07,"53017",WA,Douglas
WA04,"53019",WA,Ferry
WA06,"53021",WA,Franklin
WA09,"53023",WA,Garfield
WA07,"53025",WA,Grant
WA02,"53027",WA,Grays Harbor
WA08,"53029",WA,Island
WA02,"53031",WA,Jefferson
WA01,"53033",WA,King
WA02,"53035",WA,Kitsap
WA06,"53037",WA,Kittitas
WA03,"53039",WA,Klickitat
WA02,"53041",WA,Lewis
WA04,"53043",WA,Lincoln
WA05,"53045",WA,Mason
WA07,"53047",WA,Okanogan
WA02,"53049",WA,Pacific
WA04,"53051",WA,Pend Oreille
WA05,"53053",WA,Pierce
WA08,"53055",WA,San Juan
WA08,"53057",WA,Skagit
WA03,"53059",WA,Skamania
WA08,"53061",WA,Snohomish
WA04,"53063",WA,Spokane
WA04,"53065",WA,Stevens
WA05,"53067",WA,Thurston
WA02,"53069",WA,Wahkiakum
WA09,"53071",WA,Walla Walla
WA08,"53073",WA,Whatcom
WA09,"53075",WA,Whitman
WA06,"53077",WA,Yakima
WI15,"55001",WI,Adams
WI05,"55003",WI,Ashland
WI08,"55005",WI,Barron
WI05,"55007",WI,Bayfield
WI16,"55009",WI,Brown
WI06,"55011",WI,Buffalo
WI05,"55013",WI,Burnett
WI11,"55015",WI,Calumet
WI04,"55017",WI,Chippewa
WI08,"55019",WI,Clark
WI14,"55021",WI,Columbia
WI07,"55023",WI,Crawford
WI02,"55025",WI,Dane
WI11,"55027",WI,Dodge
WI16,"55029",WI,Door
WI05,"55031",WI,Douglas
WI04,"55033",WI,Dunn
WI04,"55035",WI,Eau Claire
WI13,"55037",WI,Florence
WI11,"55039",WI,Fond du Lac
WI13,"55041",WI,Forest
WI07,"55043",WI,Grant
WI14,"55045",WI,Green
WI15,"55047",WI,Green Lake
WI07,"55049",WI,Iowa
WI13,"55051",WI,Iron
WI06,"55053",WI,Jackson
WI14,"55055",WI,Jefferson
WI15,"55057",WI,Juneau
WI09,"55059",WI,Kenosha
WI16,"55061",WI,Kewaunee
WI06,"55063",WI,La Crosse
WI07,"55065",WI,Lafayette
WI13,"55067",WI,Langlade
WI10,"55069",WI,Lincoln
WI16,"55071",WI,Manitowoc
WI10,"55073",WI,Marathon
WI16,"55075",WI,Marinette
WI15,"55077",WI,Marquette
WI16,"55078",WI,Menominee
WI01,"55079",WI,Milwaukee
WI06,"55081",WI,Monroe
WI16,"55083",WI,Oconto
WI13,"55085",WI,Oneida
WI11,"55087",WI,Outagamie
WI12,"55089",WI,Ozaukee
WI04,"55091",WI,Pepin
WI03,"55093",WI,Pierce
WI03,"55095",WI,Polk
WI10,"55097",WI,Portage
WI08,"55099",WI,Price
WI09,"55101",WI,Racine
WI15,"55103",WI,Richland
WI14,"55105",WI,Rock
WI08,"55107",WI,Rusk
WI15,"55111",WI,Sauk
WI05,"55113",WI,Sawyer
WI16,"55115",WI,Shawano
WI11,"55117",WI,Sheboygan
WI03,"55109",WI,St. Croix
WI08,"55119",WI,Taylor
WI06,"55121",WI,Trempealeau
WI07,"55123",WI,Vernon
WI13,"55125",WI,Vilas
WI14,"55127",WI,Walworth
WI05,"55129",WI,Washburn
WI12,"55131",WI,Washington
WI12,"55133",WI,Waukesha
WI11,"55135",WI,Waupaca
WI11,"55137",WI,Waushara
WI11,"55139",WI,Winnebago
WI10,"55141",WI,Wood
WV09,"54001",WV,Barbour
WV06,"54003",WV,Berkeley
WV03,"54005",WV,Boone
WV01,"54007",WV,Braxton
WV11,"54009",WV,Brooke
WV05,"54011",WV,Cabell
WV01,"54013",WV,Calhoun
WV01,"54015",WV,Clay
WV08,"54017",WV,Doddridge
WV01,"54019",WV,Fayette
WV08,"54021",WV,Gilmer
WV07,"54023",WV,Grant
WV01,"54025",WV,Greenbrier
WV07,"54027",WV,Hampshire
WV11,"54029",WV,Hancock
WV07,"54031",WV,Hardy
WV09,"54033",WV,Harrison
WV10,"54035",WV,Jackson
WV06,"54037",WV,Jefferson
WV02,"54039",WV,Kanawha
WV08,"54041",WV,Lewis
WV03,"54043",WV,Lincoln
WV03,"54045",WV,Logan
WV08,"54049",WV,Marion
WV11,"54051",WV,Marshall
WV05,"54053",WV,Mason
WV03,"54047",WV,McDowell
WV04,"54055",WV,Mercer
WV07,"54057",WV,Mineral
WV03,"54059",WV,Mingo
WV08,"54061",WV,Monongalia
WV04,"54063",WV,Monroe
WV07,"54065",WV,Morgan
WV01,"54067",WV,Nicholas
WV11,"54069",WV,Ohio
WV07,"54071",WV,Pendleton
WV10,"54073",WV,Pleasants
WV09,"54075",WV,Pocahontas
WV09,"54077",WV,Preston
WV05,"54079",WV,Putnam
WV04,"54081",WV,Raleigh
WV09,"54083",WV,Randolph
WV10,"54085",WV,Ritchie
WV01,"54087",WV,Roane
WV04,"54089",WV,Summers
WV09,"54091",WV,Taylor
WV09,"54093",WV,Tucker
WV10,"54095",WV,Tyler
WV09,"54097",WV,Upshur
WV05,"54099",WV,Wayne
WV09,"54101",WV,Webster
WV08,"54103",WV,Wetzel
WV10,"54105",WV,Wirt
WV10,"54107",WV,Wood
WV03,"54109",WV,Wyoming
WY03,"56001",WY,Albany
WY03,"56003",WY,Big Horn
WY03,"56005",WY,Campbell
WY03,"56007",WY,Carbon
WY03,"56009",WY,Converse
WY03,"56011",WY,Crook
WY03,"56013",WY,Fremont
WY03,"56015",WY,Goshen
WY03,"56017",WY,Hot Springs
WY03,"56019",WY,Johnson
WY02,"56021",WY,Laramie
WY03,"56023",WY,Lincoln
WY01,"56025",WY,Natrona
WY03,"56027",WY,Niobrara
WY03,"56029",WY,Park
WY03,"56031",WY,Platte
WY03,"56033",WY,Sheridan
WY03,"56035",WY,Sublette
WY03,"56037",WY,Sweetwater
WY03,"56039",WY,Teton
WY03,"56041",WY,Uinta
WY03,"56043",WY,Washakie
WY03,"56045",WY,Weston
